Date,QQQ Open,QQQ High,QQQ Low,QQQ Close,Call Symbol,Call Open,Call High,Call Low,Call Close,Put Symbol,Put Open,Put High,Put Low,Put Close,Straddle Open,Straddle Close
2023-03-01,293.26,293.93,290.2,291.2,O:QQQ230301C00293000,,,,,O:QQQ230301P00293000,,,,,,
2023-03-02,288.66,294.43,288.37,293.61,O:QQQ230302C00289000,1.18,5.32,1.08,4.18,O:QQQ230302P00289000,1.56,1.64,0.01,0.01,2.74,4.19
2023-03-03,295.39,299.92,294.87,299.68,O:QQQ230303C00295000,1.5,4.93,1.22,4.9,O:QQQ230303P00295000,1.08,1.5,0.01,0.01,2.58,4.91
2023-03-06,300.94,304.0,299.82,300.02,O:QQQ230306C00301000,1.26,3.14,0.01,0.01,O:QQQ230306P00301000,1.24,1.29,0.1,1.05,2.5,1.06
2023-03-07,300.07,301.01,295.72,296.34,O:QQQ230307C00300000,1.8,2.32,0.01,0.01,O:QQQ230307P00300000,1.76,4.21,1.02,3.62,3.56,3.63
2023-03-08,296.77,298.43,294.88,297.82,O:QQQ230308C00297000,1.26,1.77,0.09,0.8,O:QQQ230308P00297000,1.49,2.59,0.01,0.01,2.75,0.81
2023-03-09,298.33,300.98,291.8299,292.66,O:QQQ230309C00298000,1.4,3.23,0.01,0.01,O:QQQ230309P00298000,1.04,5.92,0.19,5.76,2.44,5.77
2023-03-10,292.83,294.35,287.38,288.55,O:QQQ230310C00293000,1.63,1.94,0.01,0.01,O:QQQ230310P00293000,1.84,5.55,0.6,4.55,3.47,4.56
2023-03-13,286.73,294.47,285.19,290.69,O:QQQ230313C00287000,2.06,7.1,1.48,4.03,O:QQQ230313P00287000,2.72,3.21,0.01,0.01,4.78,4.04
2023-03-14,294.31,297.93,293.45,297.37,O:QQQ230314C00294000,1.8,4.09,0.4,2.95,O:QQQ230314P00294000,1.49,1.61,0.01,0.02,3.29,2.97
2023-03-15,294.71,299.27,293.24,298.93,O:QQQ230315C00295000,1.88,4.27,0.75,3.9,O:QQQ230315P00295000,2.07,2.53,0.01,0.01,3.95,3.91
2023-03-16,298.0,307.18,297.19,306.81,O:QQQ230316C00298000,1.67,9.04,1.25,8.61,O:QQQ230316P00298000,1.79,2.06,0.01,0.01,3.46,8.62
2023-03-17,306.72,309.15,303.37,305.36,O:QQQ230317C00307000,1.47,2.75,0.01,0.01,O:QQQ230317P00307000,1.46,3.8,0.67,1.23,2.93,1.24
2023-03-20,304.26,306.3,302.01,305.97,O:QQQ230320C00304000,1.87,2.41,0.54,2.07,O:QQQ230320P00304000,1.58,2.75,0.01,0.01,3.45,2.08
2023-03-21,307.94,310.8,306.395,310.34,O:QQQ230321C00308000,1.25,2.8,0.31,2.04,O:QQQ230321P00308000,1.3,1.94,0.01,0.01,2.55,2.05
2023-03-22,310.27,315.25,305.95,306.12,O:QQQ230322C00310000,2.84,5.3,0.01,0.01,O:QQQ230322P00310000,2.33,4.48,0.12,3.9,5.17,3.91
2023-03-23,309.92,314.15,307.01,309.75,O:QQQ230323C00310000,1.5,4.38,0.06,0.13,O:QQQ230323P00310000,1.6,3.07,0.12,0.65,3.1,0.78
2023-03-24,309.32,310.99,306.95,310.89,O:QQQ230324C00309000,2.02,2.43,0.6,2.15,O:QQQ230324P00309000,1.68,2.77,0.01,0.01,3.7,2.16
2023-03-27,311.6,312.7,307.89,308.76,O:QQQ230327C00312000,1.16,1.59,0.01,0.01,O:QQQ230327P00312000,1.54,4.14,0.92,3.06,2.7,3.07
2023-03-28,308.17,308.2,304.774,307.12,O:QQQ230328C00308000,1.36,1.36,0.01,0.01,O:QQQ230328P00308000,1.2,3.25,0.4,0.65,2.56,0.66
2023-03-29,310.88,313.35,310.05,312.72,O:QQQ230329C00311000,1.05,2.27,0.53,1.54,O:QQQ230329P00311000,1.11,1.47,0.01,0.01,2.16,1.55
2023-03-30,315.24,316.32,312.8088,315.68,O:QQQ230330C00315000,1.19,1.7,0.21,0.75,O:QQQ230330P00315000,1.0,1.32,0.01,0.01,2.19,0.76
2023-03-31,315.91,321.17,315.6,320.93,O:QQQ230331C00316000,1.07,5.16,0.92,5.16,O:QQQ230331P00316000,1.09,1.28,0.01,0.01,2.16,5.17
2023-04-03,318.77,320.42,317.4201,320.15,O:QQQ230403C00319000,1.13,1.71,0.11,1.16,O:QQQ230403P00319000,1.37,1.9,0.01,0.01,2.5,1.17
2023-04-04,320.6,321.63,317.8251,319.07,O:QQQ230404C00321000,0.87,1.26,0.01,0.01,O:QQQ230404P00321000,1.23,3.13,0.65,1.81,2.1,1.82
2023-04-05,318.1,319.06,314.07,315.92,O:QQQ230405C00318000,1.19,1.29,0.01,0.01,O:QQQ230405P00318000,1.14,3.89,1.02,2.33,2.33,2.34
2023-04-06,314.24,318.55,312.82,318.05,O:QQQ230406C00314000,1.35,4.51,0.56,3.96,O:QQQ230406P00314000,1.07,1.7,0.01,0.01,2.42,3.97
2023-04-10,315.07,317.92,313.25,317.87,O:QQQ230410C00315000,1.2,3.09,0.39,3.09,O:QQQ230410P00315000,1.1,2.15,0.01,0.01,2.3,3.1
2023-04-11,317.83,317.89,315.31,315.83,O:QQQ230411C00318000,1.05,1.05,0.01,0.01,O:QQQ230411P00318000,1.21,2.75,0.89,2.0,2.26,2.01
2023-04-12,317.82,318.42,312.565,313.04,O:QQQ230412C00318000,1.31,1.6,0.01,0.01,O:QQQ230412P00318000,1.6,5.37,1.22,5.04,2.91,5.05
2023-04-13,314.83,319.65,313.63,319.17,O:QQQ230413C00315000,0.97,4.58,0.91,3.95,O:QQQ230413P00315000,1.18,1.27,0.01,0.01,2.15,3.96
2023-04-14,317.59,320.36,315.61,318.57,O:QQQ230414C00318000,0.96,2.66,0.05,0.79,O:QQQ230414P00318000,1.36,2.41,0.01,0.01,2.32,0.8
2023-04-17,318.15,319.1999,316.04,318.84,O:QQQ230417C00318000,1.16,1.8,0.09,0.77,O:QQQ230417P00318000,0.93,2.0,0.01,0.01,2.09,0.78
2023-04-18,320.99,321.42,317.64,318.86,O:QQQ230418C00321000,1.05,1.26,0.01,0.01,O:QQQ230418P00321000,1.08,3.35,0.87,2.74,2.13,2.75
2023-04-19,316.41,319.79,316.28,318.71,O:QQQ230419C00316000,1.31,3.68,1.25,2.32,O:QQQ230419P00316000,0.9,0.98,0.01,0.01,2.21,2.33
2023-04-20,315.69,319.27,314.97,316.28,O:QQQ230420C00316000,0.95,3.27,0.02,0.57,O:QQQ230420P00316000,1.2,1.26,0.01,0.01,2.15,0.58
2023-04-21,315.91,317.4,314.1,316.61,O:QQQ230421C00316000,1.03,1.5,0.24,0.55,O:QQQ230421P00316000,1.1,2.23,0.01,0.01,2.13,0.56
2023-04-24,316.38,317.7391,313.74,315.95,O:QQQ230424C00316000,1.17,2.1,0.01,0.05,O:QQQ230424P00316000,0.83,2.37,0.06,0.1,2.0,0.15
2023-04-25,314.29,314.97,309.89,309.99,O:QQQ230425C00314000,1.46,1.81,0.01,0.01,O:QQQ230425P00314000,1.14,4.38,0.87,1.28,2.6,1.29
2023-04-26,313.44,314.935,311.34,311.87,O:QQQ230426C00313000,1.52,2.18,0.07,0.4,O:QQQ230426P00313000,1.19,1.86,0.07,0.1,2.71,0.5
2023-04-27,315.7,320.86,315.05,320.35,O:QQQ230427C00316000,0.95,7.04,0.68,6.01,O:QQQ230427P00316000,1.38,1.68,0.01,0.01,2.33,6.02
2023-04-28,320.11,322.65,318.96,322.56,O:QQQ230428C00320000,1.15,2.9,0.59,2.72,O:QQQ230428P00320000,1.02,1.62,0.01,0.01,2.17,2.73
2023-05-01,322.09,323.63,321.09,322.19,O:QQQ230501C00322000,1.0,1.69,0.11,0.19,O:QQQ230501P00322000,0.9,1.26,0.01,0.02,1.9,0.21
2023-05-02,322.12,322.45,317.61,319.38,O:QQQ230502C00322000,0.96,1.13,0.01,0.01,O:QQQ230502P00322000,0.79,4.3,0.7,2.83,1.75,2.84
2023-05-03,319.75,322.47,317.18,317.29,O:QQQ230503C00320000,1.61,2.85,0.01,0.01,O:QQQ230503P00320000,1.88,2.8,0.4,2.05,3.49,2.06
2023-05-04,317.06,318.23,315.115,316.17,O:QQQ230504C00317000,1.52,1.67,0.34,0.39,O:QQQ230504P00317000,1.4,2.3,0.46,1.39,2.92,1.78
2023-05-05,318.47,323.76,316.2116,322.89,O:QQQ230505C00318000,1.2,5.65,1.1,4.68,O:QQQ230505P00318000,0.8,1.0,0.01,0.01,2.0,4.69
2023-05-08,322.42,324.04,321.315,323.69,O:QQQ230508C00322000,1.1,2.08,0.45,1.59,O:QQQ230508P00322000,0.67,1.15,0.01,0.01,1.77,1.6
2023-05-09,322.0,322.88,321.32,321.64,O:QQQ230509C00322000,0.86,1.32,0.03,0.04,O:QQQ230509P00322000,0.84,0.91,0.26,0.44,1.7,0.48
2023-05-10,324.12,326.01,321.6,325.14,O:QQQ230510C00324000,1.09,1.98,0.08,1.26,O:QQQ230510P00324000,0.97,2.46,0.01,0.01,2.06,1.27
2023-05-11,325.7,326.75,324.12,326.2,O:QQQ230511C00326000,0.83,0.9,0.07,0.12,O:QQQ230511P00326000,1.15,2.04,0.04,0.06,1.98,0.18
2023-05-12,326.74,327.17,322.94,325.03,O:QQQ230512C00327000,0.75,0.96,0.01,0.01,O:QQQ230512P00327000,1.01,4.04,0.78,2.27,1.76,2.28
2023-05-15,325.51,327.03,323.96,326.79,O:QQQ230515C00326000,0.62,1.16,0.17,0.81,O:QQQ230515P00326000,1.1,2.16,0.01,0.01,1.72,0.82
2023-05-16,326.06,328.9025,326.02,327.16,O:QQQ230516C00326000,0.81,2.96,0.81,1.5,O:QQQ230516P00326000,0.76,0.79,0.01,0.01,1.57,1.51
2023-05-17,328.24,331.71,327.04,331.12,O:QQQ230517C00328000,0.94,3.73,0.38,3.25,O:QQQ230517P00328000,0.7,1.32,0.01,0.01,1.64,3.26
2023-05-18,331.52,337.49,331.5,337.27,O:QQQ230518C00332000,0.65,5.44,0.65,5.25,O:QQQ230518P00332000,1.09,1.09,0.01,0.01,1.74,5.26
2023-05-19,337.49,338.205,335.43,336.51,O:QQQ230519C00337000,1.39,1.89,0.01,0.01,O:QQQ230519P00337000,0.87,1.8,0.36,0.81,2.26,0.82
2023-05-22,336.25,338.67,336.24,337.64,O:QQQ230522C00336000,1.13,2.87,1.11,2.05,O:QQQ230522P00336000,0.84,0.86,0.01,0.01,1.97,2.06
2023-05-23,335.89,337.06,333.0,333.36,O:QQQ230523C00336000,0.95,1.52,0.01,0.01,O:QQQ230523P00336000,1.01,2.99,0.34,2.49,1.96,2.5
2023-05-24,331.37,332.905,329.56,331.65,O:QQQ230524C00331000,1.41,2.0,0.43,1.01,O:QQQ230524P00331000,1.04,1.96,0.11,0.36,2.45,1.37
2023-05-25,339.14,341.01,336.665,339.72,O:QQQ230525C00339000,1.6,2.09,0.3,1.1,O:QQQ230525P00339000,1.44,2.68,0.01,0.01,3.04,1.11
2023-05-26,340.76,349.245,340.66,348.4,O:QQQ230526C00341000,1.2,8.1,1.13,7.62,O:QQQ230526P00341000,1.4,1.45,0.01,0.01,2.6,7.63
2023-05-30,352.71,353.93,348.53,349.98,O:QQQ230530C00353000,1.3,2.0,0.01,0.01,O:QQQ230530P00353000,1.56,4.46,1.1,2.83,2.86,2.84
2023-05-31,348.37,350.6,346.51,347.99,O:QQQ230531C00348000,1.55,2.93,0.01,0.01,O:QQQ230531P00348000,1.19,1.88,0.04,0.68,2.74,0.69
2023-06-01,347.73,353.36,346.66,352.01,O:QQQ230601C00348000,1.25,5.27,0.75,4.45,O:QQQ230601P00348000,1.47,2.16,0.01,0.01,2.72,4.46
2023-06-02,353.8,355.83,352.01,354.65,O:QQQ230602C00354000,1.21,2.45,0.5,0.84,O:QQQ230602P00354000,1.39,2.48,0.01,0.01,2.6,0.85
2023-06-05,354.43,357.495,353.85,354.9,O:QQQ230605C00354000,1.45,3.5,0.4,0.96,O:QQQ230605P00354000,0.96,0.98,0.01,0.01,2.41,0.97
2023-06-06,354.28,355.82,352.93,354.84,O:QQQ230606C00354000,1.31,2.0,0.42,1.0,O:QQQ230606P00354000,0.95,1.73,0.01,0.01,2.26,1.01
2023-06-07,355.13,357.12,348.18,348.82,O:QQQ230607C00355000,1.14,2.45,0.01,0.01,O:QQQ230607P00355000,0.95,6.7,0.32,6.37,2.09,6.38
2023-06-08,349.12,353.62,348.89,353.15,O:QQQ230608C00349000,1.32,4.53,1.25,3.94,O:QQQ230608P00349000,1.24,1.36,0.01,0.01,2.56,3.95
2023-06-09,354.63,357.66,353.03,354.5,O:QQQ230609C00355000,1.06,2.9,0.01,0.03,O:QQQ230609P00355000,1.38,2.11,0.21,0.39,2.44,0.42
2023-06-12,356.19,360.59,355.2,360.49,O:QQQ230612C00356000,1.33,4.76,0.75,4.39,O:QQQ230612P00356000,1.13,1.55,0.01,0.01,2.46,4.4
2023-06-13,363.29,364.11,360.03,363.26,O:QQQ230613C00363000,1.68,2.22,0.12,0.35,O:QQQ230613P00363000,1.49,3.49,0.03,0.03,3.17,0.38
2023-06-14,363.27,366.19,360.42,365.9,O:QQQ230614C00363000,2.21,4.02,0.6,3.01,O:QQQ230614P00363000,1.91,3.3,0.01,0.01,4.12,3.02
2023-06-15,364.61,371.77,363.98,370.26,O:QQQ230615C00365000,1.3,6.71,1.03,4.8,O:QQQ230615P00365000,1.71,2.18,0.01,0.01,3.01,4.81
2023-06-16,372.72,372.85,367.48,367.93,O:QQQ230616C00373000,1.15,2.24,0.01,0.01,O:QQQ230616P00373000,2.23,5.31,1.67,5.31,3.38,5.32
2023-06-20,365.95,368.32,363.8899,366.9,O:QQQ230620C00366000,1.08,2.6,0.28,0.69,O:QQQ230620P00366000,1.1,2.48,0.01,0.01,2.18,0.7
2023-06-21,365.74,366.18,360.96,361.9,O:QQQ230621C00366000,1.11,1.38,0.01,0.01,O:QQQ230621P00366000,1.44,5.01,1.24,3.84,2.55,3.85
2023-06-22,360.63,366.33,360.22,366.17,O:QQQ230622C00361000,1.1,5.22,0.97,5.11,O:QQQ230622P00361000,1.54,1.7,0.01,0.02,2.64,5.13
2023-06-23,362.21,364.88,360.8227,362.54,O:QQQ230623C00362000,1.43,2.92,0.21,0.6,O:QQQ230623P00362000,1.01,1.96,0.01,0.02,2.44,0.62
2023-06-26,362.0,364.84,357.59,357.68,O:QQQ230626C00362000,1.33,3.0,0.01,0.01,O:QQQ230626P00362000,1.26,4.33,0.2,3.77,2.59,3.78
2023-06-27,359.25,364.57,358.51,363.83,O:QQQ230627C00359000,1.41,5.54,0.82,4.52,O:QQQ230627P00359000,1.16,1.44,0.01,0.01,2.57,4.53
2023-06-28,361.98,366.52,361.9038,364.54,O:QQQ230628C00362000,1.24,4.5,1.21,3.24,O:QQQ230628P00362000,1.18,1.29,0.01,0.01,2.42,3.25
2023-06-29,364.24,364.89,362.14,363.81,O:QQQ230629C00364000,1.32,1.81,0.01,0.14,O:QQQ230629P00364000,1.12,2.23,0.03,0.04,2.44,0.18
2023-06-30,367.55,370.49,367.23,369.42,O:QQQ230630C00368000,1.01,2.8,0.87,1.2,O:QQQ230630P00368000,1.45,1.61,0.01,0.01,2.46,1.21
2023-07-03,370.07,370.93,368.97,370.29,O:QQQ230703C00370000,0.85,1.31,0.05,0.11,O:QQQ230703P00370000,0.86,1.16,0.01,0.01,1.71,0.12
2023-07-05,368.695,372.01,368.66,370.28,O:QQQ230705C00369000,0.9,3.11,0.79,1.18,O:QQQ230705P00369000,1.22,1.28,0.01,0.01,2.12,1.19
2023-07-06,366.51,367.91,364.52,367.46,O:QQQ230706C00367000,1.01,1.2,0.17,0.64,O:QQQ230706P00367000,1.47,2.73,0.02,0.02,2.48,0.66
2023-07-07,367.23,370.48,366.01,366.24,O:QQQ230707C00367000,1.42,3.46,0.01,0.01,O:QQQ230707P00367000,1.2,1.49,0.01,0.39,2.62,0.4
2023-07-10,365.96,367.05,363.41,366.36,O:QQQ230710C00366000,1.07,1.69,0.06,0.85,O:QQQ230710P00366000,1.15,2.65,0.01,0.01,2.22,0.86
2023-07-11,366.79,368.632,364.62,368.17,O:QQQ230711C00367000,0.98,1.61,0.09,1.19,O:QQQ230711P00367000,1.15,2.61,0.01,0.01,2.13,1.2
2023-07-12,372.34,374.19,370.3,372.82,O:QQQ230712C00372000,1.51,2.53,0.28,1.08,O:QQQ230712P00372000,1.21,1.95,0.01,0.02,2.72,1.1
2023-07-13,376.05,379.99,375.46,379.15,O:QQQ230713C00376000,1.11,3.97,0.71,3.15,O:QQQ230713P00376000,1.12,1.39,0.01,0.01,2.23,3.16
2023-07-14,379.585,382.86,378.18,379.07,O:QQQ230714C00380000,1.08,3.13,0.01,0.01,O:QQQ230714P00380000,1.44,1.82,0.22,0.9,2.52,0.91
2023-07-17,379.8,383.5,379.31,382.61,O:QQQ230717C00380000,1.08,3.46,0.77,2.25,O:QQQ230717P00380000,1.29,1.45,0.01,0.01,2.37,2.26
2023-07-18,381.96,387.13,380.0,385.74,O:QQQ230718C00382000,1.11,5.0,0.33,3.33,O:QQQ230718P00382000,1.17,2.29,0.01,0.01,2.28,3.34
2023-07-19,386.82,387.98,384.3,385.65,O:QQQ230719C00387000,1.29,1.58,0.01,0.01,O:QQQ230719P00387000,1.49,2.79,0.61,2.0,2.78,2.01
2023-07-20,382.61,384.095,375.72,376.76,O:QQQ230720C00383000,1.15,1.83,0.01,0.01,O:QQQ230720P00383000,1.47,7.13,0.75,6.18,2.62,6.19
2023-07-21,379.18,379.92,375.191,375.63,O:QQQ230721C00379000,1.48,1.9,0.01,0.01,O:QQQ230721P00379000,1.37,3.81,1.02,3.2,2.85,3.21
2023-07-24,376.62,377.58,374.34,376.23,O:QQQ230724C00377000,1.17,1.51,0.01,0.01,O:QQQ230724P00377000,1.46,2.97,0.47,0.8,2.63,0.81
2023-07-25,376.95,380.47,376.93,378.78,O:QQQ230725C00377000,1.71,3.51,1.0,2.93,O:QQQ230725P00377000,1.8,1.84,0.01,0.01,3.51,2.94
2023-07-26,377.72,379.24,375.18,377.52,O:QQQ230726C00378000,1.94,2.16,0.18,0.62,O:QQQ230726P00378000,2.14,3.5,0.09,0.2,4.08,0.82
2023-07-27,383.07,384.71,375.31,376.62,O:QQQ230727C00383000,1.31,2.22,0.01,0.01,O:QQQ230727P00383000,1.21,7.6,0.53,6.06,2.52,6.07
2023-07-28,380.74,384.52,380.22,383.48,O:QQQ230728C00381000,1.09,3.62,0.88,2.24,O:QQQ230728P00381000,1.44,1.65,0.01,0.01,2.53,2.25
2023-07-31,383.79,384.88,382.34,383.68,O:QQQ230731C00384000,1.17,1.71,0.01,0.14,O:QQQ230731P00384000,1.35,2.06,0.11,0.13,2.52,0.27
2023-08-01,382.31,383.56,380.69,382.79,O:QQQ230801C00382000,1.34,1.71,0.45,0.56,O:QQQ230801P00382000,1.04,1.75,0.02,0.02,2.38,0.58
2023-08-02,379.26,379.26,373.13,374.39,O:QQQ230802C00379000,1.46,1.46,0.01,0.01,O:QQQ230802P00379000,1.14,5.85,1.14,4.37,2.6,4.38
2023-08-03,371.94,375.95,371.77,373.79,O:QQQ230803C00372000,2.15,4.05,1.58,3.95,O:QQQ230803P00372000,1.89,1.92,0.01,0.01,4.04,3.96
2023-08-04,375.75,378.1,371.53,372.04,O:QQQ230804C00376000,1.52,2.3,0.01,0.01,O:QQQ230804P00376000,1.86,4.4,0.17,3.76,3.38,3.77
2023-08-07,373.88,375.29,371.51,375.19,O:QQQ230807C00374000,1.23,1.72,0.19,1.12,O:QQQ230807P00374000,1.27,2.64,0.01,0.01,2.5,1.13
2023-08-08,372.64,372.66,368.82,372.0,O:QQQ230808C00373000,1.11,1.11,0.01,0.01,O:QQQ230808P00373000,1.5,4.17,0.65,0.95,2.61,0.96
2023-08-09,372.29,372.45,367.14,367.91,O:QQQ230809C00372000,1.34,1.46,0.01,0.01,O:QQQ230809P00372000,1.09,4.84,1.01,3.58,2.43,3.59
2023-08-10,370.97,374.36,367.035,368.59,O:QQQ230810C00371000,1.55,3.65,0.01,0.01,O:QQQ230810P00371000,1.59,4.0,0.25,2.21,3.14,2.22
2023-08-11,365.99,368.0,364.69,366.24,O:QQQ230811C00366000,1.36,2.52,0.11,0.55,O:QQQ230811P00366000,1.4,1.93,0.01,0.01,2.76,0.56
2023-08-14,365.43,370.47,364.7,370.35,O:QQQ230814C00365000,1.62,5.51,1.3,5.51,O:QQQ230814P00365000,1.17,1.58,0.01,0.01,2.79,5.52
2023-08-15,369.36,370.169,365.74,366.42,O:QQQ230815C00369000,1.53,1.96,0.01,0.01,O:QQQ230815P00369000,1.16,3.17,0.8,2.29,2.69,2.3
2023-08-16,365.87,367.43,362.44,362.54,O:QQQ230816C00366000,1.26,2.0,0.01,0.01,O:QQQ230816P00366000,1.36,3.61,0.52,3.57,2.62,3.58
2023-08-17,363.96,364.31,358.16,358.58,O:QQQ230817C00364000,1.32,1.49,0.01,0.01,O:QQQ230817P00364000,1.39,5.75,1.21,5.42,2.71,5.43
2023-08-18,355.26,359.41,354.71,358.13,O:QQQ230818C00355000,1.61,4.3,1.31,3.29,O:QQQ230818P00355000,1.43,1.58,0.01,0.01,3.04,3.3
2023-08-21,359.62,364.59,359.15,363.9,O:QQQ230821C00360000,1.15,4.6,0.65,3.5,O:QQQ230821P00360000,1.52,1.55,0.01,0.01,2.67,3.51
2023-08-22,366.55,366.56,362.68,363.38,O:QQQ230822C00367000,1.03,1.04,0.01,0.01,O:QQQ230822P00367000,1.51,4.3,1.48,3.49,2.54,3.5
2023-08-23,364.58,370.22,364.36,369.11,O:QQQ230823C00365000,1.49,5.25,1.38,4.7,O:QQQ230823P00365000,1.96,2.11,0.06,0.14,3.45,4.84
2023-08-24,372.64,372.74,361.01,361.22,O:QQQ230824C00373000,1.4,1.4,0.01,0.01,O:QQQ230824P00373000,1.74,11.74,1.73,11.74,3.14,11.75
2023-08-25,362.07,365.74,358.58,364.02,O:QQQ230825C00362000,2.0,4.3,0.45,1.97,O:QQQ230825P00362000,1.97,3.83,0.01,0.01,3.97,1.98
2023-08-28,366.99,367.71,364.25,366.76,O:QQQ230828C00367000,1.27,1.72,0.03,0.05,O:QQQ230828P00367000,1.28,2.89,0.04,0.05,2.55,0.1
2023-08-29,366.56,375.13,366.231,374.77,O:QQQ230829C00367000,1.05,8.08,0.92,8.06,O:QQQ230829P00367000,1.49,1.68,0.01,0.01,2.54,8.07
2023-08-30,374.88,377.4467,373.86,376.86,O:QQQ230830C00375000,1.34,2.54,0.7,2.04,O:QQQ230830P00375000,1.3,1.81,0.01,0.01,2.64,2.05
2023-08-31,376.94,379.719,376.87,377.99,O:QQQ230831C00377000,1.21,2.96,0.8,1.25,O:QQQ230831P00377000,1.29,1.29,0.01,0.01,2.5,1.26
2023-09-01,380.4,380.83,376.0801,377.59,O:QQQ230901C00380000,1.5,1.79,0.01,0.01,O:QQQ230901P00380000,1.16,3.89,0.98,2.41,2.66,2.42
2023-09-05,376.77,379.3093,375.83,378.07,O:QQQ230905C00377000,1.03,2.33,0.61,0.88,O:QQQ230905P00377000,1.27,1.77,0.01,0.01,2.3,0.89
2023-09-06,377.28,377.63,372.7,374.74,O:QQQ230906C00377000,1.26,1.45,0.01,0.01,O:QQQ230906P00377000,1.0,4.26,0.82,2.47,2.26,2.48
2023-09-07,370.21,372.85,369.15,372.06,O:QQQ230907C00370000,1.28,2.56,0.87,1.86,O:QQQ230907P00370000,1.17,1.85,0.01,0.01,2.45,1.87
2023-09-08,372.01,374.85,371.6,372.58,O:QQQ230908C00372000,1.22,3.0,0.17,1.05,O:QQQ230908P00372000,1.22,1.26,0.01,0.01,2.44,1.06
2023-09-11,375.66,377.49,373.66,376.97,O:QQQ230911C00376000,0.89,1.5,0.13,0.95,O:QQQ230911P00376000,1.22,2.52,0.01,0.01,2.11,0.96
2023-09-12,375.27,376.9517,372.5,372.79,O:QQQ230912C00375000,1.31,2.02,0.01,0.01,O:QQQ230912P00375000,1.01,2.47,0.34,2.02,2.32,2.03
2023-09-13,373.03,375.84,371.88,374.21,O:QQQ230913C00373000,1.36,2.82,0.45,1.67,O:QQQ230913P00373000,1.34,1.7,0.01,0.01,2.7,1.68
2023-09-14,375.99,378.27,373.89,377.27,O:QQQ230914C00376000,1.15,2.3,0.28,1.72,O:QQQ230914P00376000,1.1,2.34,0.01,0.01,2.25,1.73
2023-09-15,375.91,376.32,369.86,370.81,O:QQQ230915C00376000,1.14,1.34,0.01,0.01,O:QQQ230915P00376000,1.34,6.02,1.02,5.25,2.48,5.26
2023-09-18,369.32,371.79,369.03,370.66,O:QQQ230918C00369000,1.4,2.8,1.06,2.08,O:QQQ230918P00369000,1.07,1.19,0.01,0.01,2.47,2.09
2023-09-19,369.32,370.6826,366.8,369.87,O:QQQ230919C00369000,1.27,1.62,0.11,1.05,O:QQQ230919P00369000,0.96,2.36,0.01,0.01,2.23,1.06
2023-09-20,370.95,371.31,364.46,364.54,O:QQQ230920C00371000,1.59,1.7,0.01,0.01,O:QQQ230920P00371000,1.66,6.92,1.39,6.92,3.25,6.93
2023-09-21,360.8,361.6,357.69,357.86,O:QQQ230921C00361000,1.3,1.66,0.01,0.01,O:QQQ230921P00361000,1.44,3.48,0.65,3.27,2.74,3.28
2023-09-22,359.63,361.8,357.59,357.91,O:QQQ230922C00360000,1.06,2.08,0.01,0.01,O:QQQ230922P00360000,1.46,2.36,0.2,1.56,2.52,1.57
2023-09-25,356.93,359.7,355.93,359.61,O:QQQ230925C00357000,1.46,2.97,0.83,2.97,O:QQQ230925P00357000,1.44,2.05,0.01,0.01,2.9,2.98
2023-09-26,356.99,357.54,353.2101,354.21,O:QQQ230926C00357000,1.63,1.63,0.01,0.01,O:QQQ230926P00357000,1.42,3.73,1.03,2.15,3.05,2.16
2023-09-27,355.38,356.98,351.36,355.04,O:QQQ230927C00355000,1.49,2.26,0.04,0.82,O:QQQ230927P00355000,1.16,3.65,0.01,0.02,2.65,0.84
2023-09-28,354.11,360.17,353.24,358.01,O:QQQ230928C00354000,1.67,6.1,1.22,4.03,O:QQQ230928P00354000,1.54,1.99,0.01,0.01,3.21,4.04
2023-09-29,361.54,362.95,357.02,358.27,O:QQQ230929C00362000,1.28,1.71,0.01,0.01,O:QQQ230929P00362000,1.79,4.95,0.8,3.09,3.07,3.1
2023-10-02,358.54,362.68,357.92,361.26,O:QQQ231002C00359000,1.21,3.74,0.32,2.51,O:QQQ231002P00359000,1.66,2.01,0.01,0.01,2.87,2.52
2023-10-03,358.78,361.01,353.275,354.92,O:QQQ231003C00359000,1.31,2.61,0.01,0.01,O:QQQ231003P00359000,1.54,5.66,0.62,3.91,2.85,3.92
2023-10-04,355.77,360.61,355.3,359.75,O:QQQ231004C00356000,1.38,4.53,0.98,3.68,O:QQQ231004P00356000,1.65,1.7,0.01,0.01,3.03,3.69
2023-10-05,359.74,360.15,355.14,358.69,O:QQQ231005C00360000,1.29,1.48,0.01,0.01,O:QQQ231005P00360000,1.53,4.89,0.72,1.5,2.82,1.51
2023-10-06,355.65,365.91,354.85,364.7,O:QQQ231006C00356000,1.62,9.8,1.0,9.17,O:QQQ231006P00356000,1.84,2.28,0.01,0.01,3.46,9.18
2023-10-09,362.3,367.11,360.78,366.56,O:QQQ231009C00362000,1.63,5.11,0.68,4.76,O:QQQ231009P00362000,1.23,2.04,0.01,0.01,2.86,4.77
2023-10-10,366.9,371.28,366.39,368.59,O:QQQ231010C00367000,1.26,4.33,1.02,1.86,O:QQQ231010P00367000,1.29,1.62,0.01,0.01,2.55,1.87
2023-10-11,369.94,371.412,368.19,371.22,O:QQQ231011C00370000,1.27,2.26,0.2,1.96,O:QQQ231011P00370000,1.28,1.95,0.01,0.01,2.55,1.97
2023-10-12,371.73,373.74,367.5,369.93,O:QQQ231012C00372000,1.22,1.95,0.01,0.01,O:QQQ231012P00372000,1.45,4.5,0.35,2.08,2.67,2.09
2023-10-13,370.57,371.16,363.86,365.28,O:QQQ231013C00371000,1.08,1.33,0.01,0.01,O:QQQ231013P00371000,1.49,7.03,1.2,6.05,2.57,6.06
2023-10-16,366.62,370.48,366.47,369.41,O:QQQ231016C00367000,1.19,3.48,1.12,2.79,O:QQQ231016P00367000,1.6,1.64,0.01,0.01,2.79,2.8
2023-10-17,365.81,369.92,363.66,368.2,O:QQQ231017C00366000,1.26,3.93,0.5,2.11,O:QQQ231017P00366000,1.45,2.8,0.01,0.01,2.71,2.12
2023-10-18,365.67,367.91,362.02,363.37,O:QQQ231018C00366000,1.28,2.55,0.01,0.01,O:QQQ231018P00366000,1.63,3.91,0.64,1.91,2.91,1.92
2023-10-19,364.81,366.02,359.16,359.97,O:QQQ231019C00365000,1.57,3.07,0.01,0.01,O:QQQ231019P00365000,1.77,6.07,0.7,6.04,3.34,6.05
2023-10-20,359.46,360.04,354.37,354.6,O:QQQ231020C00359000,1.79,2.11,0.01,0.01,O:QQQ231020P00359000,1.35,4.7,1.06,4.61,3.14,4.62
2023-10-23,353.26,359.26,351.1199,355.67,O:QQQ231023C00353000,1.71,5.94,0.92,3.48,O:QQQ231023P00353000,1.45,2.75,0.01,0.01,3.16,3.49
2023-10-24,357.51,359.91,355.79,359.13,O:QQQ231024C00358000,1.33,4.38,0.35,1.2,O:QQQ231024P00358000,1.84,2.55,0.01,0.02,3.17,1.22
2023-10-25,356.7,356.88,349.75,350.34,O:QQQ231025C00357000,1.4,1.46,0.01,0.01,O:QQQ231025P00357000,1.72,7.23,1.63,6.45,3.12,6.46
2023-10-26,349.12,350.07,342.35,343.66,O:QQQ231026C00349000,2.0,2.43,0.01,0.01,O:QQQ231026P00349000,1.47,6.51,1.38,3.92,3.47,3.93
2023-10-27,346.43,348.84,344.08,345.31,O:QQQ231027C00346000,1.92,3.11,0.01,0.01,O:QQQ231027P00346000,1.45,2.03,0.3,0.55,3.37,0.56
2023-10-30,347.83,350.54,346.45,349.2,O:QQQ231030C00348000,1.39,3.11,0.41,1.19,O:QQQ231030P00348000,1.52,2.15,0.01,0.01,2.91,1.2
2023-10-31,349.23,351.25,346.62,350.87,O:QQQ231031C00349000,1.54,2.25,0.47,1.49,O:QQQ231031P00349000,1.33,2.86,0.01,0.01,2.87,1.5
2023-11-01,351.72,357.5298,351.62,356.96,O:QQQ231101C00352000,1.69,5.55,1.45,5.07,O:QQQ231101P00352000,2.01,2.09,0.01,0.01,3.7,5.08
2023-11-02,361.54,363.68,360.3,363.44,O:QQQ231102C00362000,1.15,1.8,0.59,1.15,O:QQQ231102P00362000,1.65,2.25,0.09,0.21,2.8,1.36
2023-11-03,364.75,369.02,364.52,367.71,O:QQQ231103C00365000,1.18,4.0,1.02,3.0,O:QQQ231103P00365000,1.4,1.58,0.01,0.01,2.58,3.01
2023-11-06,368.49,369.78,366.91,369.21,O:QQQ231106C00368000,1.47,2.24,0.16,1.0,O:QQQ231106P00368000,0.99,1.27,0.01,0.01,2.46,1.01
2023-11-07,370.27,373.58,369.045,372.7,O:QQQ231107C00370000,1.2,3.56,0.66,2.72,O:QQQ231107P00370000,0.96,1.62,0.01,0.01,2.16,2.73
2023-11-08,373.08,373.79,370.62,372.94,O:QQQ231108C00373000,1.1,1.53,0.01,0.01,O:QQQ231108P00373000,1.03,2.45,0.06,0.34,2.13,0.35
2023-11-09,373.64,374.8,369.57,370.07,O:QQQ231109C00374000,0.94,1.2,0.01,0.01,O:QQQ231109P00374000,1.28,4.4,0.41,3.93,2.22,3.94
2023-11-10,371.82,378.54,371.28,378.39,O:QQQ231110C00372000,1.06,6.55,0.8,6.5,O:QQQ231110P00372000,1.21,1.54,0.01,0.01,2.27,6.51
2023-11-13,376.79,378.28,375.24,377.21,O:QQQ231113C00377000,1.09,1.55,0.24,0.31,O:QQQ231113P00377000,1.24,2.1,0.01,0.01,2.33,0.32
2023-11-14,383.71,386.26,383.18,385.33,O:QQQ231114C00384000,1.1,2.28,0.46,1.74,O:QQQ231114P00384000,1.33,1.72,0.01,0.01,2.43,1.75
2023-11-15,387.25,387.75,384.235,385.62,O:QQQ231115C00387000,1.33,1.53,0.01,0.01,O:QQQ231115P00387000,1.06,2.8,0.55,2.44,2.39,2.45
2023-11-16,384.84,386.19,383.56,385.95,O:QQQ231116C00385000,1.04,1.72,0.27,0.79,O:QQQ231116P00385000,1.21,1.67,0.01,0.01,2.25,0.8
2023-11-17,385.21,387.07,384.29,386.04,O:QQQ231117C00385000,1.3,2.1,0.5,0.83,O:QQQ231117P00385000,1.1,1.33,0.01,0.01,2.4,0.84
2023-11-20,386.05,391.41,386.05,390.74,O:QQQ231120C00386000,1.09,5.31,1.09,4.55,O:QQQ231120P00386000,1.0,1.01,0.01,0.01,2.09,4.56
2023-11-21,389.01,389.23,386.7,388.47,O:QQQ231121C00389000,0.85,1.42,0.34,0.54,O:QQQ231121P00389000,1.23,2.72,1.04,1.35,2.08,1.89
2023-11-22,390.57,393.07,389.04,390.06,O:QQQ231122C00391000,0.97,2.39,0.01,0.01,O:QQQ231122P00391000,1.42,2.22,0.26,1.15,2.39,1.16
2023-11-24,389.65,390.25,388.5,389.51,O:QQQ231124C00390000,0.59,0.84,0.01,0.01,O:QQQ231124P00390000,0.96,1.55,0.46,0.74,1.55,0.75
2023-11-27,389.01,391.1499,388.28,389.17,O:QQQ231127C00389000,0.97,2.15,0.11,0.14,O:QQQ231127P00389000,0.96,1.4,0.01,0.01,1.93,0.15
2023-11-28,388.41,390.78,388.05,390.19,O:QQQ231128C00388000,1.19,2.8,0.69,2.31,O:QQQ231128P00388000,0.76,0.8,0.01,0.01,1.95,2.32
2023-11-29,392.69,394.14,389.46,389.81,O:QQQ231129C00393000,0.79,1.61,0.01,0.01,O:QQQ231129P00393000,1.17,3.5,0.43,2.71,1.96,2.72
2023-11-30,390.08,390.55,385.82,388.83,O:QQQ231130C00390000,1.14,1.38,0.01,0.01,O:QQQ231130P00390000,1.05,4.1,0.85,1.35,2.19,1.36
2023-12-01,387.75,390.54,386.0726,389.94,O:QQQ231201C00388000,1.17,2.61,0.43,2.11,O:QQQ231201P00388000,1.41,2.34,0.01,0.01,2.58,2.12
2023-12-04,386.09,386.595,382.66,386.32,O:QQQ231204C00386000,1.09,1.27,0.03,0.05,O:QQQ231204P00386000,0.98,3.43,0.03,0.05,2.07,0.1
2023-12-05,384.39,388.5,384.21,387.29,O:QQQ231205C00384000,1.39,4.51,1.29,3.33,O:QQQ231205P00384000,0.98,1.06,0.01,0.01,2.37,3.34
2023-12-06,390.27,390.37,384.7,385.05,O:QQQ231206C00390000,1.24,1.3,0.01,0.01,O:QQQ231206P00390000,0.94,5.23,0.9,4.99,2.18,5.0
2023-12-07,388.07,391.27,386.96,390.43,O:QQQ231207C00388000,1.13,3.17,0.68,2.28,O:QQQ231207P00388000,1.14,1.7,0.01,0.01,2.27,2.29
2023-12-08,388.67,392.62,388.4801,392.17,O:QQQ231208C00389000,1.1,3.62,1.05,2.96,O:QQQ231208P00389000,1.45,1.52,0.01,0.01,2.55,2.97
2023-12-11,391.74,395.79,391.53,395.52,O:QQQ231211C00392000,0.93,3.8,0.83,3.6,O:QQQ231211P00392000,1.25,1.31,0.01,0.01,2.18,3.61
2023-12-12,395.56,398.79,394.41,398.67,O:QQQ231212C00396000,0.98,3.27,0.5,3.25,O:QQQ231212P00396000,1.43,2.08,0.01,0.01,2.41,3.26
2023-12-13,399.62,404.36,398.8399,403.74,O:QQQ231213C00400000,1.27,4.35,0.8,3.6,O:QQQ231213P00400000,1.64,1.97,0.01,0.01,2.91,3.61
2023-12-14,404.98,406.3,400.34,403.39,O:QQQ231214C00405000,1.28,1.81,0.01,0.01,O:QQQ231214P00405000,1.28,4.71,0.55,1.88,2.56,1.89
2023-12-15,404.18,406.5399,403.57,405.34,O:QQQ231215C00404000,1.5,2.7,0.47,1.15,O:QQQ231215P00404000,1.5,1.5,0.01,0.01,3.0,1.16
2023-12-18,404.93,407.99,404.6,407.08,O:QQQ231218C00405000,0.9,3.0,0.79,1.61,O:QQQ231218P00405000,1.03,1.2,0.01,0.01,1.93,1.62
2023-12-19,407.54,409.28,407.345,409.16,O:QQQ231219C00408000,0.68,1.32,0.45,1.14,O:QQQ231219P00408000,1.11,1.22,0.01,0.01,1.79,1.15
2023-12-20,408.35,410.4699,402.9,403.08,O:QQQ231220C00408000,1.14,2.6,0.01,0.01,O:QQQ231220P00408000,0.81,5.08,0.04,4.96,1.95,4.97
2023-12-21,407.06,408.14,404.47,407.77,O:QQQ231221C00407000,1.14,1.66,0.09,0.69,O:QQQ231221P00407000,1.12,2.62,0.01,0.01,2.26,0.7
2023-12-22,409.0,409.97,406.4787,408.38,O:QQQ231222C00409000,1.17,1.65,0.01,0.01,O:QQQ231222P00409000,1.14,2.61,0.33,0.79,2.31,0.8
2023-12-26,409.25,411.56,409.15,410.88,O:QQQ231226C00409000,1.07,2.54,1.03,1.93,O:QQQ231226P00409000,0.87,0.89,0.01,0.01,1.94,1.94
2023-12-27,410.95,411.7875,410.08,411.5,O:QQQ231227C00411000,,,,,O:QQQ231227P00411000,,,,,,
2023-12-28,412.67,412.92,410.94,411.3,O:QQQ231228C00413000,,,,,O:QQQ231228P00413000,,,,,,
2023-12-29,411.28,411.64,407.58,409.52,O:QQQ231229C00411000,1.15,1.3,0.01,0.01,O:QQQ231229P00411000,0.91,3.47,0.55,1.6,2.06,1.61
2024-01-02,405.84,406.09,400.24,402.59,O:QQQ240102C00406000,1.06,1.18,0.01,0.01,O:QQQ240102P00406000,1.23,5.58,1.09,3.24,2.29,3.25
2024-01-03,399.93,401.0,397.89,398.33,O:QQQ240103C00400000,1.29,1.76,0.01,0.01,O:QQQ240103P00400000,1.36,2.05,0.38,1.72,2.65,1.73
2024-01-04,396.44,399.59,396.06,396.28,O:QQQ240104C00396000,1.4,3.6,0.18,0.19,O:QQQ240104P00396000,1.0,1.11,0.01,0.04,2.4,0.23
2024-01-05,396.45,399.56,395.34,396.75,O:QQQ240105C00396000,1.44,3.55,0.12,0.88,O:QQQ240105P00396000,1.06,1.17,0.01,0.49,2.5,1.37
2024-01-08,397.99,405.24,397.8399,404.95,O:QQQ240108C00398000,1.04,7.14,1.0,6.93,O:QQQ240108P00398000,1.08,1.12,0.01,0.01,2.12,6.94
2024-01-09,401.91,406.69,401.71,405.75,O:QQQ240109C00402000,1.09,4.65,0.9,3.76,O:QQQ240109P00402000,1.25,1.25,0.01,0.01,2.34,3.77
2024-01-10,406.07,409.515,405.17,408.5,O:QQQ240110C00406000,1.08,3.5,0.61,2.72,O:QQQ240110P00406000,1.03,1.43,0.01,0.01,2.11,2.73
2024-01-11,409.79,411.2004,404.242,409.35,O:QQQ240111C00410000,1.24,2.01,0.01,0.01,O:QQQ240111P00410000,1.4,5.7,0.45,0.6,2.64,0.61
2024-01-12,410.4,411.25,408.15,409.56,O:QQQ240112C00410000,1.35,1.91,0.01,0.01,O:QQQ240112P00410000,0.91,2.15,0.28,0.68,2.26,0.69
2024-01-16,408.31,411.12,406.83,409.52,O:QQQ240116C00408000,1.38,3.25,0.2,1.48,O:QQQ240116P00408000,1.07,1.78,0.01,0.01,2.45,1.49
2024-01-17,406.17,407.585,402.92,407.21,O:QQQ240117C00406000,0.49,0.51,0.48,0.51,O:QQQ240117P00406000,1.08,1.39,0.82,0.85,1.57,1.36
2024-01-18,410.52,413.575,409.1601,412.99,O:QQQ240118C00411000,0.97,2.55,0.15,2.1,O:QQQ240118P00411000,1.4,1.97,0.01,0.46,2.37,2.56
2024-01-19,415.22,421.34,414.625,421.18,O:QQQ240119C00415000,1.56,6.7,1.08,6.7,O:QQQ240119P00415000,1.39,1.66,0.01,0.01,2.95,6.71
2024-01-22,423.41,424.7275,421.12,421.73,O:QQQ240122C00423000,1.49,2.33,0.01,0.01,O:QQQ240122P00423000,1.03,2.15,0.63,1.53,2.52,1.54
2024-01-23,422.43,423.7,420.57,423.48,O:QQQ240123C00422000,1.49,2.0,0.47,1.42,O:QQQ240123P00422000,1.06,2.19,0.01,0.01,2.55,1.43
2024-01-24,427.44,429.85,425.33,425.83,O:QQQ240124C00427000,1.45,2.94,0.01,0.01,O:QQQ240124P00427000,1.09,2.43,0.08,1.78,2.54,1.79
2024-01-25,428.36,429.04,423.98,426.35,O:QQQ240125C00428000,1.5,1.59,0.01,0.01,O:QQQ240125P00428000,1.17,4.0,0.45,2.48,2.67,2.49
2024-01-26,424.44,426.21,423.15,423.81,O:QQQ240126C00424000,1.67,2.41,0.01,0.01,O:QQQ240126P00424000,1.23,1.57,0.14,0.64,2.9,0.65
2024-01-29,424.27,428.35,423.61,428.15,O:QQQ240129C00424000,1.29,4.33,0.78,3.84,O:QQQ240129P00424000,1.01,1.27,0.01,0.01,2.3,3.85
2024-01-30,427.1,427.68,424.38,425.3,O:QQQ240130C00427000,1.57,1.82,0.01,0.03,O:QQQ240130P00427000,1.46,3.84,1.14,2.4,3.03,2.43
2024-01-31,420.85,422.8699,416.79,416.97,O:QQQ240131C00421000,1.69,2.29,0.01,0.01,O:QQQ240131P00421000,1.93,4.31,0.44,3.35,3.62,3.36
2024-02-01,418.79,422.375,417.81,421.88,O:QQQ240201C00419000,1.65,5.51,1.03,5.39,O:QQQ240201P00419000,1.93,2.19,0.01,0.02,3.58,5.41
2024-02-02,423.8,430.24,422.79,429.01,O:QQQ240202C00424000,1.46,6.17,0.95,4.89,O:QQQ240202P00424000,1.54,2.11,0.01,0.01,3.0,4.9
2024-02-05,429.07,429.61,425.0,428.45,O:QQQ240205C00429000,1.29,1.46,0.01,0.01,O:QQQ240205P00429000,1.25,4.14,0.1,0.43,2.54,0.44
2024-02-06,429.61,430.22,425.22,427.59,O:QQQ240206C00430000,0.98,1.29,0.01,0.01,O:QQQ240206P00430000,1.38,4.6,1.07,2.77,2.36,2.78
2024-02-07,430.41,432.83,429.09,431.99,O:QQQ240207C00430000,1.39,3.05,0.76,2.3,O:QQQ240207P00430000,1.06,1.71,0.01,0.01,2.45,2.31
2024-02-08,432.11,433.56,431.42,432.79,O:QQQ240208C00432000,1.36,1.87,0.46,0.6,O:QQQ240208P00432000,1.12,1.48,0.01,0.01,2.48,0.61
2024-02-09,433.94,437.845,433.1401,437.05,O:QQQ240209C00434000,1.17,3.84,0.86,2.89,O:QQQ240209P00434000,1.26,1.7,0.01,0.01,2.43,2.9
2024-02-12,436.94,439.14,434.65,435.34,O:QQQ240212C00437000,1.03,2.32,0.01,0.01,O:QQQ240212P00437000,1.11,2.7,0.11,2.65,2.14,2.66
2024-02-13,427.28,431.27,425.3305,428.55,O:QQQ240213C00427000,1.68,4.38,0.07,1.65,O:QQQ240213P00427000,1.45,1.91,0.01,0.02,3.13,1.67
2024-02-14,431.26,433.65,428.8799,433.22,O:QQQ240214C00431000,1.44,2.99,0.27,2.05,O:QQQ240214P00431000,1.25,2.4,0.01,0.01,2.69,2.06
2024-02-15,433.92,434.98,431.33,434.51,O:QQQ240215C00434000,1.29,1.86,0.21,1.46,O:QQQ240215P00434000,1.26,2.94,0.01,0.01,2.55,1.47
2024-02-16,434.89,434.99,429.85,430.57,O:QQQ240216C00435000,1.48,1.51,0.01,0.01,O:QQQ240216P00435000,1.66,5.23,1.04,4.63,3.14,4.64
2024-02-20,428.55,430.08,423.5,427.32,O:QQQ240220C00429000,1.16,1.94,0.01,0.01,O:QQQ240220P00429000,1.61,5.44,0.89,2.4,2.77,2.41
2024-02-21,424.55,425.7,421.63,425.61,O:QQQ240221C00425000,2.15,2.39,0.63,2.09,O:QQQ240221P00425000,2.66,3.98,1.37,1.63,4.81,3.72
2024-02-22,434.49,439.12,433.71,438.07,O:QQQ240222C00434000,1.98,5.12,1.45,3.68,O:QQQ240222P00434000,1.36,1.81,0.01,0.01,3.34,3.69
2024-02-23,439.65,440.59,435.79,436.78,O:QQQ240223C00440000,1.24,1.7,0.01,0.01,O:QQQ240223P00440000,1.52,4.25,1.05,3.73,2.76,3.74
2024-02-26,437.6,438.6,436.355,436.55,O:QQQ240226C00438000,0.99,1.38,0.01,0.01,O:QQQ240226P00438000,1.4,2.16,0.34,1.71,2.39,1.72
2024-02-27,437.67,437.99,435.025,437.6,O:QQQ240227C00438000,0.97,1.05,0.01,0.01,O:QQQ240227P00438000,1.32,3.0,0.27,0.3,2.29,0.31
2024-02-28,435.43,436.67,434.3,435.27,O:QQQ240228C00435000,1.39,1.87,0.01,0.01,O:QQQ240228P00435000,0.97,1.44,0.1,0.86,2.36,0.87
2024-02-29,438.23,440.09,435.02,439.0,O:QQQ240229C00438000,1.56,2.07,0.15,0.95,O:QQQ240229P00438000,1.36,3.1,0.01,0.01,2.92,0.96
2024-03-01,439.9,446.58,439.84,445.61,O:QQQ240301C00440000,1.3,6.57,1.2,5.44,O:QQQ240301P00440000,1.44,1.44,0.01,0.01,2.74,5.45
2024-03-04,445.61,446.04,443.77,444.02,O:QQQ240304C00446000,0.94,0.96,0.01,0.01,O:QQQ240304P00446000,1.28,2.58,0.33,2.54,2.22,2.55
2024-03-05,440.94,440.95,433.65,436.05,O:QQQ240305C00441000,1.19,1.23,0.01,0.01,O:QQQ240305P00441000,1.23,7.21,1.23,4.14,2.42,4.15
2024-03-06,440.32,441.99,436.89,438.79,O:QQQ240306C00440000,1.72,2.23,0.01,0.01,O:QQQ240306P00440000,1.44,3.5,0.24,0.8,3.16,0.81
2024-03-07,442.42,446.72,440.86,445.45,O:QQQ240307C00442000,1.67,4.72,0.99,2.46,O:QQQ240307P00442000,1.23,2.1,0.01,0.07,2.9,2.53
2024-03-08,445.81,448.64,438.34,439.02,O:QQQ240308C00446000,1.38,2.95,0.01,0.01,O:QQQ240308P00446000,1.6,7.59,0.32,6.3,2.98,6.31
2024-03-11,437.51,438.66,435.44,437.39,O:QQQ240311C00438000,1.39,1.61,0.01,0.02,O:QQQ240311P00438000,1.92,3.05,0.21,0.4,3.31,0.42
2024-03-12,439.73,444.02,436.46,443.66,O:QQQ240312C00440000,1.5,3.98,0.5,3.62,O:QQQ240312P00440000,1.76,4.04,0.01,0.01,3.26,3.63
2024-03-13,442.65,442.67,439.12,440.25,O:QQQ240313C00443000,1.05,1.06,0.01,0.01,O:QQQ240313P00443000,1.47,3.92,1.17,2.49,2.52,2.5
2024-03-14,441.5,442.03,436.39,439.14,O:QQQ240314C00442000,1.12,1.44,0.01,0.01,O:QQQ240314P00442000,1.66,5.56,1.42,3.17,2.78,3.18
2024-03-15,436.07,438.8733,432.7417,433.92,O:QQQ240315C00436000,1.7,2.04,0.01,0.01,O:QQQ240315P00436000,1.52,3.4,0.96,1.79,3.22,1.8
2024-03-18,438.73,441.04,437.24,437.48,O:QQQ240318C00439000,1.41,2.7,0.1,0.12,O:QQQ240318P00439000,1.65,2.0,0.64,1.45,3.06,1.57
2024-03-19,435.45,438.98,433.33,438.57,O:QQQ240319C00435000,1.82,4.0,0.7,3.51,O:QQQ240319P00435000,1.47,2.45,0.01,0.01,3.29,3.52
2024-03-20,439.78,444.11,438.06,443.77,O:QQQ240320C00440000,2.01,4.97,1.14,4.97,O:QQQ240320P00440000,2.26,3.15,0.01,0.01,4.27,4.98
2024-03-21,448.88,449.34,445.67,445.87,O:QQQ240321C00449000,1.19,1.43,0.01,0.01,O:QQQ240321P00449000,1.29,3.3,0.64,2.75,2.48,2.76
2024-03-22,445.35,447.49,444.49,446.38,O:QQQ240322C00445000,1.44,2.52,0.76,0.95,O:QQQ240322P00445000,1.07,1.39,0.01,0.01,2.51,0.96
2024-03-25,443.55,446.26,442.54,444.76,O:QQQ240325C00444000,0.87,2.27,0.44,0.85,O:QQQ240325P00444000,1.32,1.88,0.01,0.01,2.19,0.86
2024-03-26,446.3,447.225,443.09,443.32,O:QQQ240326C00446000,1.22,1.69,0.01,0.01,O:QQQ240326P00446000,1.0,2.87,0.35,2.15,2.22,2.16
2024-03-27,446.44,446.54,441.93,444.83,O:QQQ240327C00446000,1.32,1.32,0.01,0.01,O:QQQ240327P00446000,0.83,4.08,0.69,0.83,2.15,0.84
2024-03-28,444.78,445.64,443.65,444.01,O:QQQ240328C00445000,1.09,1.43,0.01,0.01,O:QQQ240328P00445000,1.24,1.91,0.34,0.89,2.33,0.9
2024-04-01,444.97,447.53,443.02,444.95,O:QQQ240401C00445000,1.02,2.75,0.05,0.12,O:QQQ240401P00445000,1.07,2.2,0.03,0.07,2.09,0.19
2024-04-02,440.08,441.43,438.03,441.11,O:QQQ240402C00440000,1.37,1.43,0.31,1.31,O:QQQ240402P00440000,1.25,2.35,0.01,0.01,2.62,1.32
2024-04-03,438.96,444.0,438.95,442.1,O:QQQ240403C00439000,1.28,5.0,1.27,3.5,O:QQQ240403P00439000,1.34,1.35,0.01,0.01,2.62,3.51
2024-04-04,446.33,446.95,435.11,435.34,O:QQQ240404C00446000,1.39,1.61,0.01,0.01,O:QQQ240404P00446000,0.97,10.74,0.31,10.47,2.36,10.48
2024-04-05,436.78,443.17,435.96,440.47,O:QQQ240405C00437000,1.65,6.15,1.17,3.44,O:QQQ240405P00437000,1.85,2.17,0.01,0.01,3.5,3.45
2024-04-08,441.41,442.5,439.2,440.6,O:QQQ240408C00441000,1.57,1.93,0.04,0.13,O:QQQ240408P00441000,1.09,2.37,0.1,0.12,2.66,0.25
2024-04-09,442.96,443.24,437.44,442.23,O:QQQ240409C00443000,1.08,1.23,0.01,0.05,O:QQQ240409P00443000,1.1,5.61,0.06,0.07,2.18,0.12
2024-04-10,437.0,439.24,436.28,438.37,O:QQQ240410C00437000,1.83,2.82,0.47,0.83,O:QQQ240410P00437000,1.8,2.1,0.01,0.02,3.63,0.85
2024-04-11,440.26,446.33,437.96,445.37,O:QQQ240411C00440000,1.59,6.28,0.68,5.7,O:QQQ240411P00440000,1.8,2.71,0.01,0.01,3.39,5.71
2024-04-12,441.1,442.24,436.88,438.27,O:QQQ240412C00441000,1.66,2.14,0.01,0.01,O:QQQ240412P00441000,1.57,4.09,0.89,2.52,3.23,2.53
2024-04-15,442.06,442.15,430.21,431.06,O:QQQ240415C00442000,1.46,1.49,0.01,0.01,O:QQQ240415P00442000,1.46,11.71,1.3,11.3,2.92,11.31
2024-04-16,430.9,433.76,429.7,431.1,O:QQQ240416C00431000,1.9,2.87,0.2,0.27,O:QQQ240416P00431000,2.04,2.61,0.04,0.08,3.94,0.35
2024-04-17,433.1,433.12,424.9,425.84,O:QQQ240417C00433000,1.63,1.64,0.01,0.01,O:QQQ240417P00433000,1.55,8.03,1.54,7.1,3.18,7.11
2024-04-18,426.49,428.24,422.83,423.41,O:QQQ240418C00426000,1.94,2.8,0.01,0.02,O:QQQ240418P00426000,1.46,3.32,0.57,2.77,3.4,2.79
2024-04-19,422.22,422.75,413.07,414.65,O:QQQ240419C00422000,1.92,2.11,0.01,0.01,O:QQQ240419P00422000,1.75,8.88,1.37,7.6,3.67,7.61
2024-04-22,417.31,421.18,413.94,418.82,O:QQQ240422C00417000,1.76,4.2,0.31,1.34,O:QQQ240422P00417000,1.46,3.31,0.01,0.02,3.22,1.36
2024-04-23,420.77,426.28,418.8715,425.07,O:QQQ240423C00421000,1.26,5.26,1.17,4.9,O:QQQ240423P00421000,1.39,1.72,0.01,0.01,2.65,4.91
2024-04-24,428.2,429.73,424.2,426.51,O:QQQ240424C00428000,1.78,2.75,0.01,0.01,O:QQQ240424P00428000,1.59,4.68,1.08,4.3,3.37,4.31
2024-04-25,419.24,425.32,418.14,424.45,O:QQQ240425C00419000,2.06,11.94,1.55,10.81,O:QQQ240425P00419000,1.76,2.39,0.01,0.03,3.82,10.84
2024-04-26,427.62,432.55,426.92,431.0,O:QQQ240426C00428000,1.46,4.55,1.2,2.94,O:QQQ240426P00428000,1.74,2.23,0.01,0.01,3.2,2.95
2024-04-29,433.13,433.76,429.98,432.75,O:QQQ240429C00433000,1.31,1.74,0.02,0.1,O:QQQ240429P00433000,1.19,3.0,0.03,0.08,2.5,0.18
2024-04-30,431.15,432.56,424.51,424.59,O:QQQ240430C00431000,1.78,2.61,0.01,0.02,O:QQQ240430P00431000,1.67,7.36,1.07,6.76,3.45,6.78
2024-05-01,423.15,430.14,420.66,421.52,O:QQQ240501C00423000,2.27,6.86,0.02,0.02,O:QQQ240501P00423000,2.2,3.41,0.01,1.0,4.47,1.02
2024-05-02,425.3,427.81,420.63,426.9,O:QQQ240502C00425000,1.79,2.94,0.47,2.14,O:QQQ240502P00425000,1.46,4.73,0.04,0.07,3.25,2.21
2024-05-03,434.44,436.48,432.62,435.48,O:QQQ240503C00434000,1.8,3.1,0.74,1.99,O:QQQ240503P00434000,1.4,1.99,0.01,0.01,3.2,2.0
2024-05-06,437.3,440.34,436.52,440.25,O:QQQ240506C00437000,1.3,3.29,0.94,2.99,O:QQQ240506P00437000,1.04,1.46,0.01,0.01,2.34,3.0
2024-05-07,440.7,441.97,439.58,440.32,O:QQQ240507C00441000,0.88,1.43,0.03,0.07,O:QQQ240507P00441000,1.22,1.63,0.29,0.34,2.1,0.41
2024-05-08,437.67,441.48,437.55,440.06,O:QQQ240508C00438000,1.06,3.62,1.0,1.67,O:QQQ240508P00438000,1.33,1.39,0.01,0.01,2.39,1.68
2024-05-09,440.33,441.6,438.46,441.02,O:QQQ240509C00440000,1.3,1.87,0.5,1.46,O:QQQ240509P00440000,0.96,2.0,0.01,0.01,2.26,1.47
2024-05-10,442.54,444.31,440.499,442.06,O:QQQ240510C00443000,0.86,1.85,0.01,0.01,O:QQQ240510P00443000,1.37,2.63,0.57,1.07,2.23,1.08
2024-05-13,443.99,444.09,441.65,443.08,O:QQQ240513C00444000,1.01,1.04,0.01,0.01,O:QQQ240513P00444000,0.97,2.31,0.8,1.02,1.98,1.03
2024-05-14,442.65,446.465,442.46,445.93,O:QQQ240514C00443000,1.04,3.44,0.72,2.97,O:QQQ240514P00443000,1.4,1.52,0.01,0.01,2.44,2.98
2024-05-15,448.43,453.15,446.9,452.9,O:QQQ240515C00448000,1.57,5.11,0.76,4.56,O:QQQ240515P00448000,1.12,1.84,0.01,0.01,2.69,4.57
2024-05-16,452.71,454.69,451.81,451.98,O:QQQ240516C00453000,0.92,1.93,0.01,0.01,O:QQQ240516P00453000,1.25,1.31,0.18,1.23,2.17,1.24
2024-05-17,452.11,452.72,449.5399,451.76,O:QQQ240517C00452000,1.16,1.3,0.01,0.01,O:QQQ240517P00452000,1.05,2.5,0.3,0.63,2.21,0.64
2024-05-20,451.98,455.58,451.785,454.91,O:QQQ240520C00452000,0.94,3.6,0.85,2.33,O:QQQ240520P00452000,0.94,1.05,0.01,0.01,1.88,2.34
2024-05-21,453.04,455.99,452.84,455.8,O:QQQ240521C00453000,1.0,2.95,0.9,2.79,O:QQQ240521P00453000,0.93,1.07,0.01,0.01,1.93,2.8
2024-05-22,456.06,456.82,453.08,455.71,O:QQQ240522C00456000,2.09,2.43,0.8,1.94,O:QQQ240522P00456000,2.09,3.7,1.58,2.5,4.18,4.44
2024-05-23,460.55,460.58,451.8503,453.66,O:QQQ240523C00461000,1.09,1.1,0.01,0.01,O:QQQ240523P00461000,1.54,8.85,1.54,7.45,2.63,7.46
2024-05-24,455.29,459.23,453.5674,457.95,O:QQQ240524C00455000,1.32,4.23,0.97,2.97,O:QQQ240524P00455000,1.04,1.41,0.01,0.01,2.36,2.98
2024-05-28,459.18,459.74,456.69,459.68,O:QQQ240528C00459000,1.1,1.38,0.02,0.71,O:QQQ240528P00459000,0.93,2.31,0.01,0.01,2.03,0.72
2024-05-29,455.48,458.24,455.34,456.44,O:QQQ240529C00455000,1.44,3.35,1.04,1.05,O:QQQ240529P00455000,1.01,1.07,0.01,0.01,2.45,1.06
2024-05-30,455.5,455.64,450.21,451.55,O:QQQ240530C00456000,0.97,1.0,0.01,0.01,O:QQQ240530P00456000,1.43,5.56,1.06,5.56,2.4,5.57
2024-05-31,451.78,452.48,443.055,450.71,O:QQQ240531C00452000,1.45,1.53,0.01,0.01,O:QQQ240531P00452000,1.67,8.93,0.1,0.98,3.12,0.99
2024-06-03,454.57,455.58,447.9,453.13,O:QQQ240603C00455000,0.88,1.49,0.01,0.01,O:QQQ240603P00455000,1.39,6.86,0.95,1.72,2.27,1.73
2024-06-04,452.87,455.575,451.1311,454.37,O:QQQ240604C00453000,1.32,2.62,0.32,1.35,O:QQQ240604P00453000,1.46,2.45,0.01,0.01,2.78,1.36
2024-06-05,457.98,463.61,454.408,463.53,O:QQQ240605C00458000,1.3,5.55,0.81,5.07,O:QQQ240605P00458000,1.31,2.0,0.01,0.01,2.61,5.08
2024-06-06,464.22,464.54,462.19,463.37,O:QQQ240606C00464000,1.4,1.56,0.01,0.01,O:QQQ240606P00464000,1.16,2.14,0.5,0.59,2.56,0.6
2024-06-07,463.0,465.74,461.84,462.96,O:QQQ240607C00463000,1.38,2.87,0.02,0.03,O:QQQ240607P00463000,1.5,2.07,0.11,0.38,2.88,0.41
2024-06-10,461.82,465.19,461.53,464.83,O:QQQ240610C00462000,1.22,3.15,1.01,2.18,O:QQQ240610P00462000,1.35,1.56,0.01,0.01,2.57,2.19
2024-06-11,463.54,468.14,462.03,468.02,O:QQQ240611C00464000,0.86,4.21,0.49,4.21,O:QQQ240611P00464000,1.32,2.42,0.01,0.01,2.18,4.22
2024-06-12,471.99,476.5,471.29,474.15,O:QQQ240612C00472000,1.95,4.45,1.5,2.0,O:QQQ240612P00472000,1.96,2.29,0.03,0.05,3.91,2.05
2024-06-13,477.72,478.39,474.42,476.72,O:QQQ240613C00478000,1.09,1.43,0.03,0.03,O:QQQ240613P00478000,1.42,3.57,0.6,0.72,2.51,0.75
2024-06-14,476.52,479.26,476.05,479.19,O:QQQ240614C00477000,1.05,2.24,0.64,2.16,O:QQQ240614P00477000,1.5,1.82,0.01,0.01,2.55,2.17
2024-06-17,479.46,486.86,478.14,485.06,O:QQQ240617C00479000,1.42,7.81,0.77,5.44,O:QQQ240617P00479000,0.99,1.6,0.01,0.01,2.41,5.45
2024-06-18,485.01,485.9,483.43,485.21,O:QQQ240618C00485000,1.32,1.72,0.13,0.39,O:QQQ240618P00485000,1.31,2.02,0.02,0.02,2.63,0.41
2024-06-20,486.42,486.8387,479.62,481.47,O:QQQ240620C00486000,1.5,1.69,0.01,0.01,O:QQQ240620P00486000,1.19,6.29,0.86,4.48,2.69,4.49
2024-06-21,481.19,482.535,478.67,480.18,O:QQQ240621C00481000,1.63,1.96,0.03,0.12,O:QQQ240621P00481000,1.47,2.89,0.25,0.25,3.1,0.37
2024-06-24,478.18,479.93,473.82,473.96,O:QQQ240624C00478000,1.4,2.42,0.01,0.01,O:QQQ240624P00478000,1.26,4.41,0.52,3.7,2.66,3.71
2024-06-25,476.07,479.68,475.12,479.38,O:QQQ240625C00476000,1.29,3.64,0.94,3.28,O:QQQ240625P00476000,1.24,1.82,0.01,0.01,2.53,3.29
2024-06-26,478.55,480.92,478.13,480.37,O:QQQ240626C00479000,1.23,2.47,0.25,0.28,O:QQQ240626P00479000,1.65,1.78,0.01,0.41,2.88,0.69
2024-06-27,480.12,483.1,479.3,481.61,O:QQQ240627C00480000,1.38,3.38,0.59,2.14,O:QQQ240627P00480000,1.23,1.44,0.01,0.01,2.61,2.15
2024-06-28,482.41,487.2,478.46,479.11,O:QQQ240628C00482000,1.66,5.33,0.01,0.01,O:QQQ240628P00482000,1.26,3.49,0.2,2.34,2.92,2.35
2024-07-01,480.04,482.49,476.255,481.92,O:QQQ240701C00480000,1.26,2.44,0.35,1.74,O:QQQ240701P00480000,1.28,4.09,0.01,0.02,2.54,1.76
2024-07-02,480.41,487.04,480.28,486.98,O:QQQ240702C00480000,1.54,7.08,1.51,6.69,O:QQQ240702P00480000,1.13,1.23,0.01,0.01,2.67,6.7
2024-07-03,486.22,491.17,486.22,491.04,O:QQQ240703C00486000,0.99,5.48,0.88,4.99,O:QQQ240703P00486000,0.7,0.75,0.01,0.01,1.69,5.0
2024-07-05,491.89,496.6,491.59,496.16,O:QQQ240705C00492000,1.18,4.61,1.17,3.94,O:QQQ240705P00492000,1.28,1.59,0.01,0.01,2.46,3.95
2024-07-08,496.53,497.895,495.5,497.34,O:QQQ240708C00497000,0.87,1.2,0.07,0.55,O:QQQ240708P00497000,1.34,2.0,0.01,0.01,2.21,0.56
2024-07-09,498.87,500.0,496.24,497.77,O:QQQ240709C00499000,1.18,1.87,0.01,0.01,O:QQQ240709P00499000,1.33,2.86,0.78,1.35,2.51,1.36
2024-07-10,499.71,503.52,498.39,502.96,O:QQQ240710C00500000,1.1,3.52,0.35,2.65,O:QQQ240710P00500000,1.4,1.93,0.01,0.01,2.5,2.66
2024-07-11,503.07,503.28,490.725,491.93,O:QQQ240711C00503000,1.71,1.74,0.01,0.01,O:QQQ240711P00503000,1.48,12.11,1.47,10.52,3.19,10.53
2024-07-12,492.51,499.62,492.04,494.82,O:QQQ240712C00493000,1.47,6.57,1.24,1.77,O:QQQ240712P00493000,1.97,2.22,0.01,0.02,3.44,1.79
2024-07-15,496.61,501.01,494.09,496.15,O:QQQ240715C00497000,1.39,4.2,0.01,0.01,O:QQQ240715P00497000,1.82,2.94,0.22,0.62,3.21,0.63
2024-07-16,497.62,498.44,493.15,496.34,O:QQQ240716C00498000,1.35,1.76,0.01,0.01,O:QQQ240716P00498000,1.75,4.83,1.33,1.6,3.1,1.61
2024-07-17,488.28,488.7984,481.7,481.77,O:QQQ240717C00488000,2.0,2.22,0.01,0.01,O:QQQ240717P00488000,1.81,6.77,1.4,6.08,3.81,6.09
2024-07-18,485.53,485.71,476.27,479.49,O:QQQ240718C00486000,1.92,2.0,0.01,0.01,O:QQQ240718P00486000,2.43,9.3,2.41,6.39,4.35,6.4
2024-07-19,479.15,481.69,473.94,475.24,O:QQQ240719C00479000,2.22,3.82,0.01,0.01,O:QQQ240719P00479000,2.22,5.05,1.15,4.06,4.44,4.07
2024-07-22,481.16,483.35,477.7068,482.32,O:QQQ240722C00481000,1.91,2.82,0.35,0.95,O:QQQ240722P00481000,1.78,3.52,0.01,0.02,3.69,0.97
2024-07-23,481.41,484.43,480.14,480.62,O:QQQ240723C00481000,2.24,3.9,0.1,0.28,O:QQQ240723P00481000,1.79,2.05,0.18,0.51,4.03,0.79
2024-07-24,473.82,474.19,462.51,463.38,O:QQQ240724C00474000,1.73,1.94,0.01,0.01,O:QQQ240724P00474000,1.95,11.0,1.75,9.6,3.68,9.61
2024-07-25,463.72,467.94,455.63,458.27,O:QQQ240725C00464000,2.21,4.16,0.01,0.01,O:QQQ240725P00464000,2.47,8.53,0.25,5.59,4.68,5.6
2024-07-26,462.65,465.93,459.77,462.97,O:QQQ240726C00463000,2.22,3.28,0.06,0.22,O:QQQ240726P00463000,2.57,4.04,0.06,0.13,4.79,0.35
2024-07-29,465.71,467.91,461.615,463.9,O:QQQ240729C00466000,2.0,2.97,0.01,0.01,O:QQQ240729P00466000,2.26,4.54,0.69,2.35,4.26,2.36
2024-07-30,465.85,466.561,454.15,457.53,O:QQQ240730C00466000,2.19,2.42,0.01,0.01,O:QQQ240730P00466000,2.33,13.67,1.86,12.05,4.52,12.06
2024-07-31,467.87,472.79,466.41,471.07,O:QQQ240731C00468000,2.97,5.93,1.6,4.28,O:QQQ240731P00468000,3.07,3.74,0.01,0.01,6.04,4.29
2024-08-01,471.76,475.55,455.98,459.66,O:QQQ240801C00472000,2.51,4.51,0.01,0.01,O:QQQ240801P00472000,2.74,15.78,1.06,15.25,5.25,15.26
2024-08-02,450.89,453.57,444.47,448.75,O:QQQ240802C00451000,3.0,4.75,0.01,0.01,O:QQQ240802P00451000,3.45,7.24,1.98,2.5,6.45,2.51
2024-08-05,424.71,442.29,423.45,435.37,O:QQQ240805C00425000,6.75,16.54,5.92,12.5,O:QQQ240805P00425000,6.39,7.55,0.01,0.01,13.14,12.51
2024-08-06,437.23,447.07,434.56,439.53,O:QQQ240806C00437000,7.0,10.09,1.6,2.3,O:QQQ240806P00437000,3.48,4.76,0.02,0.04,10.48,2.34
2024-08-07,446.49,449.0,434.37,434.77,O:QQQ240807C00446000,2.99,4.24,0.01,0.01,O:QQQ240807P00446000,2.47,11.58,0.99,10.67,5.46,10.68
2024-08-08,441.06,448.99,437.15,448.07,O:QQQ240808C00441000,3.01,8.29,1.55,7.7,O:QQQ240808P00441000,3.0,5.36,0.01,0.01,6.01,7.71
2024-08-09,446.74,452.06,445.61,450.41,O:QQQ240809C00447000,2.89,5.23,1.63,3.72,O:QQQ240809P00447000,3.06,3.48,0.01,0.01,5.95,3.73
2024-08-12,451.39,454.37,448.5546,451.38,O:QQQ240812C00451000,2.35,3.83,0.08,0.33,O:QQQ240812P00451000,1.99,3.5,0.02,0.04,4.34,0.37
2024-08-13,455.82,462.85,455.68,462.58,O:QQQ240813C00456000,1.79,7.14,1.76,7.04,O:QQQ240813P00456000,1.97,2.03,0.01,0.01,3.76,7.05
2024-08-14,463.51,465.1093,458.4,462.73,O:QQQ240814C00464000,1.91,2.51,0.02,0.2,O:QQQ240814P00464000,2.39,5.69,0.23,0.26,4.3,0.46
2024-08-15,468.76,474.82,468.38,474.42,O:QQQ240815C00469000,1.67,5.92,1.5,5.3,O:QQQ240815P00469000,1.8,2.12,0.01,0.01,3.47,5.31
2024-08-16,472.62,476.41,471.65,475.03,O:QQQ240816C00473000,1.75,3.51,1.12,2.34,O:QQQ240816P00473000,2.03,2.63,0.01,0.01,3.78,2.35
2024-08-19,475.17,481.31,473.37,481.27,O:QQQ240819C00475000,1.73,6.26,0.71,6.0,O:QQQ240819P00475000,1.59,2.38,0.01,0.01,3.32,6.01
2024-08-20,480.35,482.94,478.55,480.26,O:QQQ240820C00480000,1.69,3.47,0.3,0.55,O:QQQ240820P00480000,1.29,2.35,0.01,0.01,2.98,0.56
2024-08-21,481.05,484.37,479.32,482.5,O:QQQ240821C00481000,1.8,3.74,0.48,1.8,O:QQQ240821P00481000,1.76,2.27,0.01,0.01,3.56,1.81
2024-08-22,484.84,485.54,473.81,474.85,O:QQQ240822C00485000,1.53,1.92,0.01,0.01,O:QQQ240822P00485000,1.7,11.0,1.4,9.4,3.23,9.41
2024-08-23,479.24,482.74,475.28,480.0,O:QQQ240823C00479000,2.58,4.32,0.25,0.61,O:QQQ240823P00479000,2.42,3.94,0.01,0.01,5.0,0.62
2024-08-26,479.45,480.38,473.24,475.34,O:QQQ240826C00479000,1.9,2.45,0.01,0.01,O:QQQ240826P00479000,1.41,5.87,1.06,4.21,3.31,4.22
2024-08-27,473.69,477.84,471.71,476.76,O:QQQ240827C00474000,1.63,4.02,0.94,2.62,O:QQQ240827P00474000,1.86,3.18,0.01,0.01,3.49,2.63
2024-08-28,476.29,477.02,467.89,471.35,O:QQQ240828C00476000,3.32,3.8,0.22,0.58,O:QQQ240828P00476000,3.08,8.19,2.78,5.62,6.4,6.2
2024-08-29,473.28,477.93,469.372,470.66,O:QQQ240829C00473000,2.3,5.1,0.01,0.02,O:QQQ240829P00473000,2.04,4.35,0.09,1.24,4.34,1.26
2024-08-30,475.04,476.9,470.51,476.27,O:QQQ240830C00475000,1.85,2.66,0.12,1.0,O:QQQ240830P00475000,1.81,4.6,0.01,0.02,3.66,1.02
2024-09-03,473.2,473.33,459.4101,461.81,O:QQQ240903C00473000,1.79,1.85,0.01,0.01,O:QQQ240903P00473000,1.58,12.6,1.58,10.89,3.37,10.9
2024-09-04,458.67,464.45,457.73,460.61,O:QQQ240904C00459000,2.15,5.5,1.04,1.3,O:QQQ240904P00459000,2.47,2.73,0.01,0.01,4.62,1.31
2024-09-05,458.97,465.36,457.939,461.04,O:QQQ240905C00459000,2.31,6.43,0.96,2.31,O:QQQ240905P00459000,2.33,2.4,0.03,0.05,4.64,2.36
2024-09-06,460.33,461.22,448.19,448.69,O:QQQ240906C00460000,2.63,3.12,0.01,0.01,O:QQQ240906P00460000,2.28,12.16,1.94,11.67,4.91,11.68
2024-09-09,453.06,455.46,449.823428,454.46,O:QQQ240909C00453000,2.21,3.13,0.26,1.69,O:QQQ240909P00453000,2.11,3.6,0.01,0.02,4.32,1.71
2024-09-10,456.24,459.17,452.23,458.66,O:QQQ240910C00456000,1.91,3.12,0.25,2.46,O:QQQ240910P00456000,1.68,4.01,0.01,0.01,3.59,2.47
2024-09-11,459.91,469.37,451.28,468.62,O:QQQ240911C00460000,2.18,9.3,0.08,8.26,O:QQQ240911P00460000,2.75,8.47,0.01,0.01,4.93,8.27
2024-09-12,468.65,474.04,466.8491,473.22,O:QQQ240912C00469000,1.8,5.02,1.21,3.25,O:QQQ240912P00469000,2.18,3.33,0.01,0.01,3.98,3.26
2024-09-13,472.48,476.53,472.25,475.34,O:QQQ240913C00472000,2.16,4.5,1.99,1.99,O:QQQ240913P00472000,1.7,1.81,0.01,0.01,3.86,2.0
2024-09-16,473.19,473.8599,469.89,473.24,O:QQQ240916C00473000,1.8,2.02,0.07,0.09,O:QQQ240916P00473000,1.62,3.5,0.06,0.15,3.42,0.24
2024-09-17,476.29,477.6,470.97,473.49,O:QQQ240917C00476000,1.76,2.29,0.01,0.01,O:QQQ240917P00476000,1.51,5.1,0.67,2.37,3.27,2.38
2024-09-18,474.7,478.83,470.83,471.44,O:QQQ240918C00475000,3.01,4.94,0.01,0.01,O:QQQ240918P00475000,3.33,5.29,0.63,2.39,6.34,2.4
2024-09-19,482.61,486.23,480.49,483.36,O:QQQ240919C00483000,1.79,3.49,0.09,0.09,O:QQQ240919P00483000,2.18,3.35,0.04,0.32,3.97,0.41
2024-09-20,482.49,483.69,478.3,482.44,O:QQQ240920C00482000,2.21,2.89,0.11,0.11,O:QQQ240920P00482000,1.75,3.91,0.09,0.27,3.96,0.38
2024-09-23,482.95,484.14,481.6,483.04,O:QQQ240923C00483000,1.56,1.82,0.02,0.07,O:QQQ240923P00483000,1.69,2.23,0.07,0.16,3.25,0.23
2024-09-24,484.46,486.33,480.17,485.37,O:QQQ240924C00484000,1.59,2.67,0.17,1.48,O:QQQ240924P00484000,1.2,3.87,0.01,0.01,2.79,1.49
2024-09-25,484.74,487.79,484.56,485.82,O:QQQ240925C00485000,1.24,3.25,0.68,1.97,O:QQQ240925P00485000,1.46,1.48,0.01,0.01,2.7,1.98
2024-09-26,493.37,493.7,485.8,489.47,O:QQQ240926C00493000,1.7,1.93,0.01,0.01,O:QQQ240926P00493000,1.34,7.2,1.22,3.24,3.04,3.25
2024-09-27,490.5,490.64,485.56,486.75,O:QQQ240927C00490000,1.75,1.82,0.01,0.01,O:QQQ240927P00490000,1.26,4.25,1.09,3.71,3.01,3.72
2024-09-30,485.78,488.41,482.92,488.07,O:QQQ240930C00486000,1.67,2.76,0.13,1.47,O:QQQ240930P00486000,1.91,3.2,0.01,0.01,3.58,1.48
2024-10-01,487.7,488.0,477.4,481.27,O:QQQ241001C00488000,1.48,1.69,0.01,0.01,O:QQQ241001P00488000,1.83,10.55,1.67,6.24,3.31,6.25
2024-10-02,480.36,483.88,477.72,481.95,O:QQQ241002C00480000,2.07,4.15,0.96,2.68,O:QQQ241002P00480000,1.73,3.2,0.01,0.02,3.8,2.7
2024-10-03,479.74,484.545,478.99,481.59,O:QQQ241003C00480000,1.72,4.88,0.45,1.86,O:QQQ241003P00480000,2.0,2.28,0.01,0.01,3.72,1.87
2024-10-04,487.45,487.88,482.385,487.32,O:QQQ241004C00487000,2.15,2.21,0.09,0.4,O:QQQ241004P00487000,1.64,5.0,0.07,0.08,3.79,0.48
2024-10-07,485.39,486.57,480.87,482.1,O:QQQ241007C00485000,1.89,2.25,0.01,0.01,O:QQQ241007P00485000,1.46,4.1,0.43,2.48,3.35,2.49
2024-10-08,484.66,489.99,483.845,489.3,O:QQQ241008C00485000,1.36,4.91,0.94,4.09,O:QQQ241008P00485000,1.77,2.13,0.01,0.01,3.13,4.1
2024-10-09,489.0,493.73,487.95,493.15,O:QQQ241009C00489000,1.43,4.61,0.94,3.7,O:QQQ241009P00489000,1.5,2.06,0.01,0.01,2.93,3.71
2024-10-10,490.85,494.47,489.53,492.59,O:QQQ241010C00491000,1.72,3.61,0.84,1.31,O:QQQ241010P00491000,1.83,2.35,0.01,0.01,3.55,1.32
2024-10-11,490.74,494.39,490.17,493.36,O:QQQ241011C00491000,1.33,3.4,1.02,1.85,O:QQQ241011P00491000,1.6,1.86,0.01,0.01,2.93,1.86
2024-10-14,495.77,498.83,495.26,497.5,O:QQQ241014C00496000,1.07,3.16,0.57,1.39,O:QQQ241014P00496000,1.37,1.48,0.01,0.01,2.44,1.4
2024-10-15,497.83,498.5,488.68,490.85,O:QQQ241015C00498000,1.05,1.52,0.01,0.01,O:QQQ241015P00498000,1.34,9.09,0.95,7.59,2.39,7.6
2024-10-16,491.18,491.69,487.57,490.91,O:QQQ241016C00491000,1.61,1.66,0.01,0.01,O:QQQ241016P00491000,1.48,3.78,0.16,0.35,3.09,0.36
2024-10-17,496.44,496.49,491.1901,491.25,O:QQQ241017C00496000,1.73,1.8,0.01,0.01,O:QQQ241017P00496000,1.33,5.29,1.32,3.67,3.06,3.68
2024-10-18,494.06,495.57,493.3,494.47,O:QQQ241018C00494000,1.5,2.14,0.19,0.77,O:QQQ241018P00494000,1.48,1.94,0.01,0.01,2.98,0.78
2024-10-21,493.25,496.23,491.31,495.42,O:QQQ241021C00493000,1.43,3.5,0.38,2.62,O:QQQ241021P00493000,1.15,2.07,0.01,0.01,2.58,2.63
2024-10-22,492.73,497.445,491.97,495.96,O:QQQ241022C00493000,1.38,4.41,0.96,2.52,O:QQQ241022P00493000,1.61,2.08,0.01,0.01,2.99,2.53
2024-10-23,493.59,494.25,485.05,488.36,O:QQQ241023C00494000,1.28,1.62,0.01,0.01,O:QQQ241023P00494000,1.65,8.92,1.12,4.78,2.93,4.79
2024-10-24,492.11,493.0,489.44,492.32,O:QQQ241024C00492000,1.6,1.67,0.25,0.88,O:QQQ241024P00492000,1.52,2.8,0.01,0.01,3.12,0.89
2024-10-25,495.14,500.28,494.43,495.32,O:QQQ241025C00495000,1.47,5.4,0.09,0.09,O:QQQ241025P00495000,1.35,1.35,0.08,0.32,2.82,0.41
2024-10-28,498.46,498.52,495.1,495.4,O:QQQ241028C00498000,1.77,1.84,0.01,0.01,O:QQQ241028P00498000,1.35,2.84,1.02,2.5,3.12,2.51
2024-10-29,495.72,501.35,493.85,500.16,O:QQQ241029C00496000,1.65,5.6,0.94,5.35,O:QQQ241029P00496000,1.99,3.14,0.01,0.01,3.64,5.36
2024-10-30,499.39,500.35,495.89,496.38,O:QQQ241030C00499000,2.45,2.58,0.01,0.01,O:QQQ241030P00499000,2.01,4.08,0.92,3.6,4.46,3.61
2024-10-31,492.38,492.43,483.75,483.85,O:QQQ241031C00492000,2.23,2.33,0.01,0.01,O:QQQ241031P00492000,1.87,8.1,1.87,6.98,4.1,6.99
2024-11-01,485.5,490.7507,485.2,487.43,O:QQQ241101C00486000,1.66,4.88,0.98,1.6,O:QQQ241101P00486000,2.23,2.32,0.01,0.01,3.89,1.61
2024-11-04,486.82,489.38,484.2545,486.01,O:QQQ241104C00487000,1.67,2.75,0.01,0.01,O:QQQ241104P00487000,1.81,3.52,0.25,0.67,3.48,0.68
2024-11-05,487.61,492.88,487.52,492.21,O:QQQ241105C00488000,1.45,5.9,1.44,5.3,O:QQQ241105P00488000,1.85,1.87,0.01,0.01,3.3,5.31
2024-11-06,500.56,506.41,499.6,505.58,O:QQQ241106C00501000,1.66,5.37,1.24,4.5,O:QQQ241106P00501000,2.0,2.81,0.01,0.01,3.66,4.51
2024-11-07,508.4,514.33,508.34,513.54,O:QQQ241107C00508000,2.05,7.52,2.02,6.12,O:QQQ241107P00508000,1.72,1.72,0.01,0.01,3.77,6.13
2024-11-08,513.035,514.9175,512.41,514.14,O:QQQ241108C00513000,1.44,2.12,0.69,1.18,O:QQQ241108P00513000,1.37,1.44,0.01,0.01,2.81,1.19
2024-11-11,515.37,515.58,510.92,513.84,O:QQQ241111C00515000,1.54,1.61,0.01,0.01,O:QQQ241111P00515000,1.14,3.9,0.84,1.06,2.68,1.07
2024-11-12,513.77,514.66,509.83,512.91,O:QQQ241112C00514000,1.22,1.65,0.01,0.01,O:QQQ241112P00514000,1.54,4.2,0.25,0.35,2.76,0.36
2024-11-13,512.4,514.98,509.95,512.25,O:QQQ241113C00512000,1.77,3.02,0.11,0.58,O:QQQ241113P00512000,1.34,2.49,0.01,0.01,3.11,0.59
2024-11-14,511.91,512.79,507.77,508.69,O:QQQ241114C00512000,1.4,1.87,0.01,0.01,O:QQQ241114P00512000,1.48,4.91,0.96,3.5,2.88,3.51
2024-11-15,502.94,503.33,494.49,496.57,O:QQQ241115C00503000,1.77,1.8,0.01,0.01,O:QQQ241115P00503000,1.48,8.45,1.47,6.34,3.25,6.35
2024-11-18,498.13,502.14,496.73,500.02,O:QQQ241118C00498000,1.65,4.25,0.83,2.25,O:QQQ241118P00498000,1.61,2.09,0.01,0.01,3.26,2.26
2024-11-19,497.42,503.9536,497.08,503.46,O:QQQ241119C00497000,2.07,6.83,1.84,6.83,O:QQQ241119P00497000,1.63,1.77,0.01,0.01,3.7,6.84
2024-11-20,503.16,503.48,496.555,503.17,O:QQQ241120C00503000,2.64,2.7,0.28,2.21,O:QQQ241120P00503000,2.55,6.83,1.5,1.79,5.19,4.0
2024-11-21,506.24,506.96,497.56,504.98,O:QQQ241121C00506000,2.08,2.45,0.01,0.01,O:QQQ241121P00506000,1.84,7.99,0.33,1.33,3.92,1.34
2024-11-22,504.42,506.53,502.78,505.79,O:QQQ241122C00504000,1.99,3.03,0.82,1.28,O:QQQ241122P00504000,1.6,2.08,0.01,0.01,3.59,1.29
2024-11-25,509.9,511.4525,504.2625,506.59,O:QQQ241125C00510000,1.17,2.26,0.01,0.01,O:QQQ241125P00510000,1.36,5.69,0.83,3.1,2.53,3.11
2024-11-26,508.08,510.14,507.23,509.31,O:QQQ241126C00508000,1.55,2.72,0.28,1.56,O:QQQ241126P00508000,1.45,1.46,0.01,0.01,3.0,1.57
2024-11-27,508.17,508.24,501.93,505.3,O:QQQ241127C00508000,1.48,1.48,0.01,0.01,O:QQQ241127P00508000,1.26,5.98,1.26,2.83,2.74,2.84
2024-11-29,505.93,510.34,505.31,509.74,O:QQQ241129C00506000,1.05,4.2,0.78,3.6,O:QQQ241129P00506000,1.18,1.5,0.01,0.01,2.23,3.61
2024-12-02,511.01,516.26,510.62,515.29,O:QQQ241202C00511000,1.26,5.29,1.09,4.55,O:QQQ241202P00511000,1.26,1.46,0.01,0.01,2.52,4.56
2024-12-03,513.95,517.15,513.37,516.87,O:QQQ241203C00514000,1.31,3.89,1.0,3.15,O:QQQ241203P00514000,1.34,1.77,0.01,0.01,2.65,3.16
2024-12-04,520.32,523.52,519.6,523.26,O:QQQ241204C00520000,1.46,3.5,0.97,2.62,O:QQQ241204P00520000,1.2,1.46,0.01,0.01,2.66,2.63
2024-12-05,523.31,524.0399,521.42,521.81,O:QQQ241205C00523000,1.28,1.5,0.01,0.01,O:QQQ241205P00523000,1.05,2.74,0.22,1.7,2.33,1.71
2024-12-06,522.48,526.72,522.35,526.48,O:QQQ241206C00522000,1.54,4.72,1.51,4.01,O:QQQ241206P00522000,1.09,1.15,0.01,0.01,2.63,4.02
2024-12-09,525.55,526.35,521.22,522.38,O:QQQ241209C00526000,0.93,1.28,0.01,0.01,O:QQQ241209P00526000,1.41,4.77,0.83,3.55,2.34,3.56
2024-12-10,523.62,525.38,519.16,520.6,O:QQQ241210C00524000,1.0,1.86,0.01,0.01,O:QQQ241210P00524000,1.43,4.7,0.5,3.21,2.43,3.22
2024-12-11,525.0,530.61,524.59,529.92,O:QQQ241211C00525000,5.0,5.59,4.0,4.41,O:QQQ241211P00525000,0.01,0.03,0.01,0.01,5.01,4.42
2024-12-12,527.68,528.96,526.02,526.5,O:QQQ241212C00528000,1.32,1.56,0.05,0.05,O:QQQ241212P00528000,1.6,2.46,0.54,2.42,2.92,2.47
2024-12-13,530.46,533.1661,527.3001,530.53,O:QQQ241213C00530000,1.57,3.44,0.06,0.06,O:QQQ241213P00530000,1.16,2.9,0.02,0.25,2.73,0.31
2024-12-16,533.08,539.15,533.0,538.17,O:QQQ241216C00533000,1.29,6.14,1.22,5.0,O:QQQ241216P00533000,1.16,1.27,0.01,0.01,2.45,5.01
2024-12-17,536.36,537.48,534.13,535.8,O:QQQ241217C00536000,1.68,1.96,0.01,0.01,O:QQQ241217P00536000,1.29,2.35,0.1,0.55,2.97,0.56
2024-12-18,535.15,536.8799,515.01,516.47,O:QQQ241218C00535000,2.26,2.83,0.01,0.01,O:QQQ241218P00535000,2.17,22.56,0.95,19.95,4.43,19.96
2024-12-19,521.19,521.7599,513.83,514.17,O:QQQ241219C00521000,2.2,2.61,0.01,0.01,O:QQQ241219P00521000,2.41,6.95,1.87,6.95,4.61,6.96
2024-12-20,510.44,524.82,509.29,518.66,O:QQQ241220C00510000,2.99,14.74,2.17,8.6,O:QQQ241220P00510000,2.55,2.84,0.01,0.01,5.54,8.61
2024-12-23,519.55,523.25,516.13,522.87,O:QQQ241223C00520000,1.72,3.3,0.56,2.54,O:QQQ241223P00520000,2.25,4.41,0.01,0.01,3.97,2.55
2024-12-24,524.83,530.05,524.19,529.96,O:QQQ241224C00525000,1.05,5.32,0.83,5.32,O:QQQ241224P00525000,1.27,1.65,0.01,0.01,2.32,5.33
2024-12-26,528.32,531.24,526.31,529.6,O:QQQ241226C00528000,1.73,3.31,0.86,1.42,O:QQQ241226P00528000,1.37,2.52,0.01,0.01,3.1,1.43
2024-12-27,526.01,526.45,517.86,522.56,O:QQQ241227C00526000,1.54,1.77,0.01,0.01,O:QQQ241227P00526000,1.49,8.1,1.31,2.96,3.03,2.97
2024-12-30,515.51,519.36,511.83,515.61,O:QQQ241230C00516000,1.82,3.5,0.01,0.01,O:QQQ241230P00516000,2.51,4.67,0.02,0.97,4.33,0.98
2024-12-31,516.9,517.66,510.26,511.23,O:QQQ241231C00517000,2.24,2.64,0.01,0.01,O:QQQ241231P00517000,2.34,6.57,1.72,5.55,4.58,5.56
2025-01-02,514.3,516.64,505.71,510.23,O:QQQ250102C00514000,2.31,3.46,0.01,0.01,O:QQQ250102P00514000,2.21,8.15,0.76,3.62,4.52,3.63
2025-01-03,513.35,519.6454,512.53,518.58,O:QQQ250103C00513000,2.38,6.6,1.67,5.0,O:QQQ250103P00513000,2.03,2.15,0.01,0.01,4.41,5.01
2025-01-06,524.02,527.92,522.03,524.54,O:QQQ250106C00524000,1.68,4.05,0.03,1.29,O:QQQ250106P00524000,1.69,2.02,0.01,0.01,3.37,1.3
2025-01-07,525.59,525.99,513.28,515.18,O:QQQ250107C00526000,1.62,1.74,0.01,0.01,O:QQQ250107P00526000,1.87,12.56,1.82,9.9,3.49,9.91
2025-01-08,515.08,516.9199,510.57,515.27,O:QQQ250108C00515000,2.42,2.77,0.1,0.13,O:QQQ250108P00515000,2.32,4.7,0.01,0.07,4.74,0.2
2025-01-10,511.48,511.58,503.92,507.19,O:QQQ250110C00511000,2.71,2.75,0.01,0.01,O:QQQ250110P00511000,2.25,7.2,0.99,3.85,4.96,3.86
2025-01-13,501.2,506.02,499.7,505.56,O:QQQ250113C00501000,2.54,5.22,0.99,5.14,O:QQQ250113P00501000,2.36,3.02,0.01,0.01,4.9,5.15
2025-01-14,508.74,510.155,501.59,505.08,O:QQQ250114C00509000,2.34,2.74,0.01,0.01,O:QQQ250114P00509000,2.39,7.18,1.42,2.65,4.73,2.66
2025-01-15,513.03,517.85,511.46,516.7,O:QQQ250115C00513000,2.29,4.88,1.25,3.07,O:QQQ250115P00513000,2.21,3.03,0.01,0.01,4.5,3.08
2025-01-16,518.98,519.0599,512.95,513.08,O:QQQ250116C00519000,2.0,2.02,0.01,0.01,O:QQQ250116P00519000,2.05,7.6,1.62,6.6,4.05,6.61
2025-01-17,522.85,524.0733,513.1086,521.74,O:QQQ250117C00523000,1.91,1.94,0.01,0.01,O:QQQ250117P00523000,2.08,4.28,0.57,1.46,3.99,1.47
2025-01-21,524.48,525.97,520.06,524.8,O:QQQ250121C00524000,2.25,2.3,0.38,1.6,O:QQQ250121P00524000,1.76,4.22,0.01,0.01,4.01,1.61
2025-01-22,529.57,533.82,529.26,531.51,O:QQQ250122C00530000,1.23,3.93,1.05,1.08,O:QQQ250122P00530000,1.7,1.8,0.01,0.01,2.93,1.09
2025-01-23,529.04,532.76,528.45,532.64,O:QQQ250123C00529000,1.44,3.76,0.95,3.34,O:QQQ250123P00529000,1.45,1.77,0.01,0.01,2.89,3.35
2025-01-24,533.02,533.79,528.15,529.63,O:QQQ250124C00533000,1.48,1.75,0.01,0.01,O:QQQ250124P00533000,1.49,4.85,0.87,3.6,2.97,3.61
2025-01-27,511.0,517.99,510.15,514.21,O:QQQ250127C00511000,2.76,6.88,0.71,3.79,O:QQQ250127P00511000,2.49,2.92,0.01,0.01,5.25,3.8
2025-01-28,515.22,523.0,511.78,521.81,O:QQQ250128C00515000,2.43,8.0,0.96,6.6,O:QQQ250128P00515000,2.2,4.13,0.01,0.01,4.63,6.61
2025-01-29,522.46,522.59,516.8988,520.83,O:QQQ250129C00522000,3.06,3.06,0.01,0.05,O:QQQ250129P00522000,2.7,5.89,1.19,2.6,5.76,2.65
2025-01-30,523.71,526.095,518.21,523.05,O:QQQ250130C00524000,2.07,3.17,0.08,0.32,O:QQQ250130P00524000,2.32,5.98,0.34,1.0,4.39,1.32
2025-01-31,526.92,531.5178,521.19,522.29,O:QQQ250131C00527000,1.84,4.69,0.01,0.01,O:QQQ250131P00527000,1.96,5.72,0.13,5.0,3.8,5.01
2025-02-03,513.47,520.8496,511.05,518.11,O:QQQ250203C00513000,2.4,7.67,1.32,5.27,O:QQQ250203P00513000,2.37,3.26,0.01,0.01,4.77,5.28
2025-02-04,518.63,525.11,518.23,524.47,O:QQQ250204C00519000,2.3,6.28,2.09,4.17,O:QQQ250204P00519000,2.75,2.82,0.01,0.01,5.05,4.18
2025-02-05,521.82,527.01,520.62,526.85,O:QQQ250205C00522000,1.78,5.43,1.07,5.43,O:QQQ250205P00522000,2.01,2.51,0.01,0.01,3.79,5.44
2025-02-06,527.36,529.81,525.7413,529.6,O:QQQ250206C00527000,2.15,2.91,0.2,1.6,O:QQQ250206P00527000,1.76,2.21,0.02,0.04,3.91,1.64
2025-02-07,530.14,532.1,522.19,522.92,O:QQQ250207C00530000,1.76,3.02,0.01,0.01,O:QQQ250207P00530000,1.72,7.75,0.86,7.34,3.48,7.35
2025-02-10,527.22,530.3571,526.75,529.25,O:QQQ250210C00527000,1.75,3.65,1.49,1.78,O:QQQ250210P00527000,1.52,1.8,0.01,0.01,3.27,1.79
2025-02-11,525.96,529.92,525.83,527.99,O:QQQ250211C00526000,1.74,4.05,1.01,1.6,O:QQQ250211P00526000,1.78,1.78,0.01,0.01,3.52,1.61
2025-02-12,522.3,529.19,521.95,528.3,O:QQQ250212C00522000,2.27,7.18,2.0,7.18,O:QQQ250212P00522000,1.95,2.04,0.01,0.01,4.22,7.19
2025-02-13,529.98,536.22,529.19,535.9,O:QQQ250213C00530000,1.7,6.17,1.5,5.26,O:QQQ250213P00530000,1.78,2.28,0.01,0.01,3.48,5.27
2025-02-14,536.005,538.84,535.67,538.15,O:QQQ250214C00536000,1.58,2.78,0.77,2.51,O:QQQ250214P00536000,1.51,1.78,0.01,0.01,3.09,2.52
